ID	NRPS	Terpene	Others	RiPPs	Other PKSs	PKS-NRP_Hybrids	PKSI	Saccharides
AAB-S01R1_155	2	0	0	1	1	0	0	0
AAB-S01R1_173	3	1	0	0	1	4	1	0
AAB-S01R1_175	1	0	0	0	0	0	0	0
AAB-S01R1_185	1	2	0	1	1	0	0	0
AAB-S01R1_214	2	1	0	1	1	1	0	0
AAB-S01R1_22	2	1	0	0	1	1	0	0
AAB-S01R1_244	1	2	1	0	0	0	0	0
AAB-S01R1_261	5	1	0	2	1	0	1	0
AAB-S01R1_39	3	1	0	1	0	1	1	0
AAB-S01R1_59	6	0	1	0	0	2	3	0
AAB-S01R1_85	1	0	0	0	0	0	0	0
AAB-S01R1_86	1	0	0	0	0	0	0	0
AAB-S01R1_89	3	0	0	1	1	0	0	0
AAB-S01R2_112	1	0	0	0	0	0	0	0
AAB-S01R2_41	2	1	0	0	0	0	0	0
AAB-S01R2_59	4	0	0	1	1	0	0	0
AAB-S01R3_135	1	0	0	0	0	0	0	0
AAB-S01R3_146	1	0	0	2	1	0	0	0
AAB-S01R3_148	1	1	0	0	0	0	0	0
AAB-S01R3_160	2	0	0	0	0	0	0	0
AAB-S01R3_177	2	1	1	0	1	0	0	0
AAB-S01R3_2	2	0	0	1	0	0	0	0
AAB-S01R3_225	1	1	0	0	1	0	0	0
AAB-S01R3_24	3	0	0	0	0	0	0	0
AAB-S01R3_240	1	1	2	1	0	0	0	0
AAB-S01R3_25	1	1	0	0	1	0	0	0
AAB-S01R3_282	2	0	0	0	1	0	0	0
AAB-S01R3_31	1	0	0	0	0	0	0	0
AAB-S01R3_32	7	1	2	1	0	6	1	0
AAB-S01R3_47	1	2	1	0	0	0	0	0
AAB-S01R3_48	3	1	0	0	0	0	0	0
AAB-S01R3_52	2	0	1	2	1	0	1	0
AAB-S01R3_64	1	0	1	0	0	0	0	0
AAB-S01R3_69	1	1	0	0	0	1	0	0
AAB-S01R3_80	2	1	0	1	0	1	0	0
AAB-S01R3_82	1	0	0	0	0	0	0	0
AAB-S01R3_92	2	1	2	0	0	0	0	0
AAB-S01R3_99	1	1	1	0	0	0	0	0
AAB-S01R4_121	3	0	0	0	0	0	0	0
AAB-S01R4_169	1	1	1	1	0	2	0	0
AAB-S01R4_215	1	1	4	1	1	0	0	0
AAB-S01R4_224	2	0	0	0	0	0	0	0
AAB-S01R4_247	1	0	0	1	0	0	0	0
AAB-S01R4_252	1	0	0	0	0	0	0	0
AAB-S01R4_26	2	1	0	0	0	0	0	0
AAB-S01R4_284	3	0	0	0	0	0	0	0
AAB-S01R4_30	3	0	0	1	1	0	0	0
AAB-S01R4_66	2	1	0	1	0	5	5	0
AAB-S01R4_77	3	1	1	0	0	0	1	0
AAB-S01R4_82	6	0	2	1	0	2	0	0
AAB-S01R5_100	1	1	1	2	1	1	1	0
AAB-S01R5_11	2	1	0	0	1	1	0	0
AAB-S01R5_126	1	1	0	0	0	0	1	0
AAB-S01R5_157	3	1	0	0	0	4	3	0
AAB-S01R5_159	3	0	0	0	0	0	0	0
AAB-S01R5_169	1	0	0	0	0	0	0	0
AAB-S01R5_17	1	0	0	0	0	0	0	0
AAB-S01R5_175	3	1	0	2	0	1	0	0
AAB-S01R5_177	1	0	2	2	0	0	0	0
AAB-S01R5_18	2	0	1	1	0	0	1	0
AAB-S01R5_220	2	0	2	0	0	1	0	0
AAB-S01R5_224	5	2	0	3	1	0	2	0
AAB-S01R5_225	1	0	0	0	0	1	0	0
AAB-S01R5_226	2	0	0	0	0	0	0	0
AAB-S01R5_229	1	0	2	2	0	0	0	0
AAB-S01R5_23	1	0	0	0	0	0	0	0
AAB-S01R5_24	2	0	0	1	0	1	0	0
AAB-S01R5_39	1	1	1	1	1	0	0	0
AAB-S01R5_43	1	0	2	0	1	0	0	0
AAB-S02R1_35	2	1	1	0	1	0	0	0
AAB-S02R1_42	1	2	1	1	1	0	0	0
AAB-S02R1_44	2	0	0	2	1	0	0	0
AAB-S02R1_45	1	1	0	3	1	0	0	0
AAB-S02R2_116	1	0	1	0	0	0	0	0
AAB-S02R2_124	3	1	0	5	0	2	1	0
AAB-S02R2_141	2	0	4	3	1	0	0	0
AAB-S02R2_152	1	1	0	3	1	0	0	0
AAB-S02R2_154	2	0	1	0	1	0	0	0
AAB-S02R2_156	2	0	0	0	0	0	0	0
AAB-S02R2_159	2	1	0	2	1	0	0	0
AAB-S02R2_166	2	3	0	3	1	0	2	0
AAB-S02R2_169	2	2	0	2	1	0	0	0
AAB-S02R2_172	6	0	0	1	0	2	1	0
AAB-S02R2_186	4	3	1	0	1	0	0	0
AAB-S02R2_19	2	0	3	1	1	0	0	0
AAB-S02R2_196	1	0	0	0	0	0	0	0
AAB-S02R2_202	2	2	0	1	1	0	0	0
AAB-S02R2_212	1	2	2	0	0	0	0	0
AAB-S02R2_22	2	1	0	1	1	0	0	0
AAB-S02R2_24	2	0	0	3	1	0	0	0
AAB-S02R2_26	1	1	0	0	1	0	0	0
AAB-S02R2_43	1	0	0	0	1	0	0	0
AAB-S02R2_44	1	1	1	0	1	0	1	0
AAB-S02R2_49	3	1	0	1	1	0	4	0
AAB-S02R2_56	2	1	0	0	1	1	0	0
AAB-S02R2_70	1	0	0	0	1	0	0	0
AAB-S02R2_71	3	2	1	1	1	0	0	0
AAB-S02R2_79	3	1	2	1	1	0	2	0
AAB-S02R2_8	2	0	0	0	0	0	0	0
AAB-S02R2_96	2	0	0	0	0	0	0	0
AAB-S02R3_11	1	1	0	0	0	0	0	0
AAB-S02R3_120	2	2	0	2	0	1	0	0
AAB-S02R3_136	2	1	1	0	1	0	0	0
AAB-S02R3_152	1	2	2	1	1	0	0	0
AAB-S02R3_165	2	1	0	0	1	0	0	0
AAB-S02R3_167	4	1	2	0	0	2	0	0
AAB-S02R3_201	2	0	0	0	0	1	0	0
AAB-S02R3_207	2	1	0	1	0	0	0	0
AAB-S02R3_233	2	1	0	2	1	1	0	0
AAB-S02R3_242	3	0	0	2	1	0	1	0
AAB-S02R3_280	1	0	2	3	1	0	0	0
AAB-S02R3_285	1	2	0	1	1	0	0	0
AAB-S02R3_63	5	2	0	2	0	0	0	0
AAB-S02R3_72	4	0	1	2	0	1	0	0
AAB-S02R4_109	8	1	1	1	0	4	3	0
AAB-S02R4_146	2	1	0	0	0	0	0	0
AAB-S02R4_180	2	0	0	0	0	0	0	0
AAB-S02R4_19	3	1	0	0	1	0	2	0
AAB-S02R4_195	4	1	1	0	1	0	0	0
AAB-S02R4_211	1	0	0	0	0	0	0	0
AAB-S02R4_216	2	0	0	0	0	0	0	0
AAB-S02R4_221	1	0	0	0	0	1	0	0
AAB-S02R4_223	1	3	0	0	2	0	0	0
AAB-S02R4_224	4	2	1	1	0	0	0	0
AAB-S02R4_231	3	1	0	0	1	0	0	0
AAB-S02R4_260	1	1	1	3	0	1	1	0
AAB-S02R4_44	1	1	0	0	0	1	0	0
AAB-S02R4_55	1	0	1	0	0	0	0	0
AAB-S02R4_61	2	1	1	0	0	0	0	0
AAB-S02R4_73	1	2	0	0	1	0	1	0
AAB-S02R4_76	1	0	2	0	0	0	0	0
AAB-S02R5_109	6	0	1	2	1	1	0	0
AAB-S02R5_117	1	0	0	1	0	0	0	0
AAB-S02R5_135	6	0	0	3	1	0	0	0
AAB-S02R5_137	1	1	1	0	2	0	0	0
AAB-S02R5_183	1	1	0	0	1	0	1	0
AAB-S02R5_205	4	0	0	0	3	2	3	0
AAB-S02R5_208	2	0	0	1	1	0	0	0
AAB-S02R5_229	1	0	0	1	0	0	0	0
AAB-S02R5_233	2	0	0	0	0	0	0	0
AAB-S02R5_27	2	0	1	0	0	0	0	0
AAB-S02R5_28	1	0	0	0	0	0	0	0
AAB-S02R5_53	1	0	1	1	0	2	2	0
AAB-S02R5_54	1	1	0	0	1	0	0	0
AAB-S02R5_61	2	1	1	0	1	0	0	0
AAB-S02R5_78	1	2	3	0	1	1	0	0
AAB-S02R5_91	1	0	1	1	1	1	1	0
AAB-S03R1_107	1	1	2	1	0	0	0	0
AAB-S03R1_114	1	0	0	1	0	0	0	0
AAB-S03R1_116	2	0	1	0	0	0	0	0
AAB-S03R1_132	1	1	0	0	0	0	0	0
AAB-S03R1_139	1	0	1	0	1	0	0	0
AAB-S03R1_170	6	4	5	2	4	3	5	0
AAB-S03R1_193	1	0	0	0	0	0	0	0
AAB-S03R1_194	6	1	2	0	2	1	0	0
AAB-S03R1_58	1	0	0	0	0	0	0	0
AAB-S03R2_116	1	0	0	0	1	0	0	0
AAB-S03R2_118	4	0	0	0	2	0	0	0
AAB-S03R2_136	3	2	1	0	0	0	0	0
AAB-S03R2_151	1	0	0	0	0	1	0	0
AAB-S03R2_158	1	0	0	0	0	1	0	0
AAB-S03R2_173	2	0	0	0	0	1	0	0
AAB-S03R2_177	1	0	1	0	0	0	1	0
AAB-S03R2_207	1	0	1	0	0	0	0	0
AAB-S03R2_210	1	1	0	0	0	0	1	0
AAB-S03R2_228	1	1	1	1	0	0	0	0
AAB-S03R2_26	1	0	0	0	0	0	0	0
AAB-S03R2_275	2	0	1	0	1	0	0	0
AAB-S03R2_38	1	1	2	1	0	0	0	0
AAB-S03R2_55	1	0	0	0	0	0	0	0
AAB-S03R2_72	4	0	0	0	1	0	1	0
AAB-S03R2_88	1	0	0	0	0	0	0	0
AAB-S03R3_11	1	0	2	0	0	0	0	0
AAB-S03R3_112	4	0	0	0	0	0	0	0
AAB-S03R3_127	1	0	1	2	0	0	0	0
AAB-S03R3_131	1	0	0	2	0	1	0	0
AAB-S03R3_132	1	1	1	3	0	0	0	0
AAB-S03R3_133	1	1	2	1	0	0	0	0
AAB-S03R3_136	2	1	0	3	0	0	0	0
AAB-S03R3_140	1	1	0	1	0	0	0	0
AAB-S03R3_143	3	1	0	0	1	0	2	0
AAB-S03R3_148	1	0	0	0	0	0	0	0
AAB-S03R3_152	3	0	0	0	0	0	0	0
AAB-S03R3_162	1	0	0	0	1	0	0	0
AAB-S03R3_177	1	1	0	1	0	1	0	0
AAB-S03R3_2	3	0	0	0	0	0	0	0
AAB-S03R3_201	1	0	0	0	0	0	0	0
AAB-S03R3_221	2	1	0	0	0	1	0	0
AAB-S03R3_224	1	1	1	0	0	0	0	0
AAB-S03R3_228	1	0	1	0	1	0	1	0
AAB-S03R3_246	1	0	0	1	0	0	0	0
AAB-S03R3_256	3	1	0	0	1	0	0	0
AAB-S03R3_277	2	0	0	0	1	0	0	0
AAB-S03R3_279	1	1	0	1	0	0	0	0
AAB-S03R3_282	1	1	0	0	0	0	0	0
AAB-S03R3_29	4	1	0	0	1	0	0	0
AAB-S03R3_292	2	1	0	0	1	1	0	0
AAB-S03R3_331	3	1	0	0	1	0	0	0
AAB-S03R3_37	3	0	0	0	0	0	0	0
AAB-S03R3_44	2	3	1	1	0	0	0	0
AAB-S03R3_54	2	1	0	0	0	1	4	0
AAB-S03R3_57	3	1	2	0	2	0	0	0
AAB-S03R3_60	1	1	1	2	1	0	0	0
AAB-S03R3_70	2	0	0	0	0	1	0	0
AAB-S03R3_71	2	0	1	2	0	0	0	0
AAB-S03R3_80	1	1	0	0	1	0	1	0
AAB-S03R3_91	1	1	1	1	0	0	0	0
AAB-S03R3_99	1	0	2	0	0	0	0	0
AAB-S03R4_135	1	0	0	0	1	0	0	0
AAB-S03R4_136	4	1	0	0	1	0	0	0
AAB-S03R4_141	3	1	0	0	1	1	0	0
AAB-S03R4_145	1	0	0	0	0	0	0	0
AAB-S03R4_201	1	2	0	1	0	0	0	0
AAB-S03R4_225	1	1	0	0	0	1	0	0
AAB-S03R4_230	1	1	1	1	1	1	0	0
AAB-S03R4_41	2	2	1	1	0	0	0	0
AAB-S03R4_61	1	0	0	0	1	0	0	0
AAB-S03R4_7	1	3	0	3	0	0	1	0
AAB-S03R4_77	2	0	0	1	2	1	0	0
AAB-S03R5_22	1	1	2	1	0	0	0	0
AAB-S03R5_33	1	1	0	0	1	0	0	0
AAB-S03R5_98	1	1	0	0	1	0	1	0
AAB-S04R1_115	1	0	2	0	0	0	0	0
AAB-S04R1_126	3	1	0	0	1	0	3	0
AAB-S04R1_131	1	1	0	0	1	0	0	0
AAB-S04R1_14	2	0	0	0	1	0	0	0
AAB-S04R1_145	1	1	4	2	0	0	0	0
AAB-S04R1_151	3	0	0	0	0	2	2	0
AAB-S04R1_156	2	0	0	0	0	0	0	0
AAB-S04R1_180	3	0	2	1	1	0	0	0
AAB-S04R1_193	2	0	0	0	0	0	0	0
AAB-S04R1_227	1	2	0	1	0	0	1	0
AAB-S04R1_252	4	1	0	1	1	0	0	0
AAB-S04R1_30	1	2	0	2	1	0	0	0
AAB-S04R1_58	2	0	3	2	1	0	0	0
AAB-S04R1_69	1	0	0	0	0	0	0	0
AAB-S04R1_8	1	0	0	0	0	0	1	0
AAB-S04R1_86	1	2	1	0	1	1	0	0
AAB-S04R2_16	1	0	0	0	0	1	0	0
AAB-S04R2_46	1	0	0	0	1	0	0	0
AAB-S04R2_55	1	1	0	0	1	0	0	0
AAB-S04R3_10	1	0	0	0	0	0	0	0
AAB-S04R3_109	2	1	2	2	1	0	0	0
AAB-S04R3_112	1	0	1	1	1	0	1	0
AAB-S04R3_123	1	1	0	0	1	0	0	0
AAB-S04R3_144	1	0	1	3	0	0	1	0
AAB-S04R3_15	4	1	4	0	0	0	0	0
AAB-S04R3_180	2	2	0	5	1	1	2	0
AAB-S04R3_189	1	0	0	0	1	2	0	0
AAB-S04R3_199	1	1	1	0	1	0	0	0
AAB-S04R3_211	2	1	1	1	1	1	0	0
AAB-S04R3_219	1	1	0	0	0	1	0	0
AAB-S04R3_22	2	2	0	1	1	0	0	0
AAB-S04R3_226	2	0	0	1	0	0	0	0
AAB-S04R3_235	2	1	0	0	1	0	0	0
AAB-S04R3_242	6	0	0	0	1	0	0	0
AAB-S04R3_284	1	1	2	1	1	0	0	0
AAB-S04R3_286	6	1	0	0	0	0	0	0
AAB-S04R3_305	2	1	0	1	1	0	0	0
AAB-S04R3_317	3	1	1	1	2	3	2	0
AAB-S04R3_345	1	0	0	0	1	0	0	0
AAB-S04R3_50	3	3	0	2	0	0	0	0
AAB-S04R3_57	1	0	0	0	0	0	0	0
AAB-S04R3_67	1	1	1	2	0	0	1	0
AAB-S04R3_98	9	1	1	3	0	1	0	0
AAB-S04R4_10	3	1	0	0	1	0	0	0
AAB-S04R4_101	2	2	0	0	0	1	0	0
AAB-S04R4_113	1	1	2	0	3	0	0	0
AAB-S04R4_116	1	1	0	1	0	0	0	0
AAB-S04R4_118	1	1	1	2	1	1	0	0
AAB-S04R4_120	1	2	0	0	1	0	0	0
AAB-S04R4_129	2	1	3	3	0	0	0	0
AAB-S04R4_144	1	1	0	0	1	0	0	0
AAB-S04R4_151	1	0	0	0	0	0	0	0
AAB-S04R4_154	1	1	4	1	1	0	0	0
AAB-S04R4_157	1	1	2	2	0	1	0	0
AAB-S04R4_165	4	3	0	0	0	1	1	0
AAB-S04R4_178	1	2	1	0	0	0	0	0
AAB-S04R4_18	1	0	0	0	0	0	0	0
AAB-S04R4_193	1	3	0	0	0	0	0	0
AAB-S04R4_195	1	1	0	0	0	0	0	0
AAB-S04R4_204	1	1	1	0	1	1	0	0
AAB-S04R4_223	1	2	2	3	1	0	0	0
AAB-S04R4_23	3	2	0	0	1	1	1	0
AAB-S04R4_232	1	1	1	2	1	1	0	0
AAB-S04R4_255	4	0	0	0	2	1	0	0
AAB-S04R4_257	2	2	0	1	0	0	0	0
AAB-S04R4_284	1	0	0	0	0	0	0	0
AAB-S04R4_287	1	1	0	0	1	0	0	0
AAB-S04R4_295	1	2	0	3	1	0	0	0
AAB-S04R4_297	5	1	1	2	0	0	1	0
AAB-S04R4_321	1	5	3	3	4	4	1	0
AAB-S04R4_327	3	2	1	4	1	2	1	0
AAB-S04R4_33	1	2	2	0	0	0	0	0
AAB-S04R4_330	4	2	2	3	2	0	1	1
AAB-S04R4_333	3	0	1	0	1	0	0	0
AAB-S04R4_40	1	1	1	1	0	0	0	0
AAB-S04R4_42	6	2	1	3	2	0	0	0
AAB-S04R4_54	2	0	0	4	0	0	0	0
AAB-S04R4_56	1	1	1	2	1	0	0	0
AAB-S04R4_60	3	1	1	1	1	4	0	0
AAB-S04R4_61	1	0	0	0	0	1	0	0
AAB-S04R4_63	3	1	7	4	2	0	0	0
AAB-S04R4_70	4	1	0	1	1	0	0	0
AAB-S04R4_74	9	1	2	3	0	3	0	0
AAB-S04R4_84	1	0	1	0	1	0	0	0
AAB-S04R4_85	4	2	3	1	0	0	0	0
AAB-S04R4_89	1	0	0	0	1	0	0	0
AAB-S04R5_106	1	2	0	1	1	0	0	0
AAB-S04R5_72	4	0	0	1	0	0	0	0
AAB-S04R5_77	1	1	1	2	1	0	0	0
AAB-S04R5_89	2	1	0	1	0	0	0	1
AAB-S05R1_110	3	1	0	2	0	0	0	0
AAB-S05R1_112	1	2	0	1	1	1	0	0
AAB-S05R1_117	2	2	1	1	1	0	0	0
AAB-S05R1_129	1	3	3	0	1	0	0	0
AAB-S05R1_13	1	0	0	0	0	0	0	0
AAB-S05R1_149	1	2	0	0	0	0	0	0
AAB-S05R1_156	2	1	0	2	0	0	0	0
AAB-S05R1_159	6	1	0	0	1	5	0	0
AAB-S05R1_173	3	1	0	3	2	2	0	0
AAB-S05R1_175	2	2	2	2	0	1	1	0
AAB-S05R1_195	1	0	1	1	1	0	0	0
AAB-S05R1_206	1	2	1	0	1	0	0	0
AAB-S05R1_214	3	0	1	1	1	0	0	0
AAB-S05R1_22	2	4	1	2	1	1	0	0
AAB-S05R1_225	4	1	1	3	1	1	0	0
AAB-S05R1_227	5	0	1	1	1	0	0	0
AAB-S05R1_25	2	2	4	3	1	0	1	0
AAB-S05R1_258	1	0	0	1	0	1	0	0
AAB-S05R1_261	2	3	2	1	0	0	0	0
AAB-S05R1_285	1	1	1	1	0	0	0	0
AAB-S05R1_29	4	1	0	0	2	0	0	0
AAB-S05R1_300	2	2	1	3	2	1	0	0
AAB-S05R1_307	1	1	0	0	0	0	0	0
AAB-S05R1_315	1	4	0	0	0	0	0	0
AAB-S05R1_316	1	1	0	0	0	0	0	0
AAB-S05R1_327	9	1	0	1	0	1	0	0
AAB-S05R1_335	4	1	1	2	2	0	0	0
AAB-S05R1_340	2	2	0	0	1	0	0	0
AAB-S05R1_351	3	1	1	0	1	0	0	0
AAB-S05R1_36	2	1	3	4	1	1	0	0
AAB-S05R1_386	3	2	0	0	1	1	0	0
AAB-S05R1_397	1	2	1	1	0	0	0	0
AAB-S05R1_40	1	2	3	1	0	0	0	0
AAB-S05R1_408	1	1	0	0	1	0	0	0
AAB-S05R1_409	2	2	1	1	0	1	0	0
AAB-S05R1_54	1	1	1	1	0	1	0	0
AAB-S05R1_58	1	2	0	1	2	0	0	0
AAB-S05R1_73	1	2	3	2	1	1	0	0
AAB-S05R1_74	3	1	0	1	1	0	0	0
AAB-S05R1_77	1	2	0	0	1	0	0	0
AAB-S05R1_88	1	0	0	0	1	0	0	0
AAB-S05R1_94	3	1	0	0	1	0	0	0
AAB-S05R3_4	2	0	2	1	1	0	0	0
AAB-S05R4_39	1	1	1	0	0	0	0	0
AAB-S05R4_69	1	2	0	2	0	0	0	0
AAB-S05R4_96	2	0	0	0	1	0	0	0
AAB-S05R5_9	15	0	0	7	1	4	0	0
AAB-S06R2_105	1	1	3	3	1	0	0	0
AAB-S06R2_110	1	0	2	0	0	0	0	0
AAB-S06R2_122	1	2	1	0	0	0	0	0
AAB-S06R2_15	1	1	1	0	0	0	0	0
AAB-S06R2_16	3	2	0	0	0	3	1	0
AAB-S06R2_168	4	2	0	0	2	2	0	0
AAB-S06R2_177	3	1	0	0	0	0	0	0
AAB-S06R2_187	1	2	1	0	1	0	0	0
AAB-S06R2_198	1	1	1	1	1	0	0	0
AAB-S06R2_213	2	0	1	0	0	0	0	0
AAB-S06R2_27	2	1	0	0	1	0	0	0
AAB-S06R2_35	3	1	2	0	3	0	1	0
AAB-S06R2_40	2	0	0	1	1	2	0	0
AAB-S06R2_60	1	0	0	1	1	0	0	0
AAB-S06R2_61	1	0	0	0	0	1	1	0
AAB-S06R2_84	3	1	0	0	1	0	0	0
AAB-S06R2_86	1	1	1	1	0	0	1	0
AAB-S06R2_88	1	1	3	0	1	2	0	0
AAB-S06R4_1	3	1	0	0	1	0	0	0
AAB-S06R4_106	1	0	0	0	1	0	0	0
AAB-S06R4_124	2	1	1	0	1	0	0	0
AAB-S06R4_140	1	0	2	1	0	0	0	0
AAB-S06R4_141	2	4	0	3	1	2	0	0
AAB-S06R4_156	2	1	1	2	1	0	0	0
AAB-S06R4_16	2	2	3	1	1	0	0	0
AAB-S06R4_162	1	1	2	2	1	3	0	0
AAB-S06R4_197	1	0	2	0	0	0	0	0
AAB-S06R4_214	2	1	0	0	1	0	1	0
AAB-S06R4_216	4	1	0	1	2	0	0	0
AAB-S06R4_22	1	0	1	1	0	0	0	0
AAB-S06R4_230	3	1	0	1	2	0	0	0
AAB-S06R4_237	2	1	0	1	1	1	1	0
AAB-S06R4_240	2	1	1	1	0	0	0	0
AAB-S06R4_241	1	0	0	0	0	0	1	0
AAB-S06R4_245	3	1	3	4	1	0	0	0
AAB-S06R4_253	3	1	0	0	1	0	0	0
AAB-S06R4_254	1	2	1	0	1	0	0	0
AAB-S06R4_259	1	1	1	0	1	0	1	0
AAB-S06R4_264	1	1	0	1	1	1	0	0
AAB-S06R4_274	6	1	0	2	1	1	0	0
AAB-S06R4_281	6	2	0	2	2	1	0	0
AAB-S06R4_294	1	2	0	0	1	0	0	0
AAB-S06R4_300	1	1	2	2	0	1	0	0
AAB-S06R4_313	1	2	1	1	1	0	0	0
AAB-S06R4_317	1	1	1	1	1	1	0	0
AAB-S06R4_322	1	1	1	1	1	0	0	0
AAB-S06R4_324	1	0	0	0	0	0	0	0
AAB-S06R4_326	2	0	3	2	1	0	0	0
AAB-S06R4_33	1	1	0	0	3	0	0	0
AAB-S06R4_35	2	0	0	1	0	0	0	0
AAB-S06R4_43	5	2	0	1	1	0	1	0
AAB-S06R4_46	1	3	1	0	0	1	0	0
AAB-S06R4_5	2	2	1	0	1	0	0	0
AAB-S06R4_55	4	0	0	1	0	1	0	0
AAB-S06R4_66	1	1	2	0	1	0	0	0
AAB-S06R4_80	2	2	1	0	0	0	0	0
AAB-S06R5_16	2	2	2	3	0	0	0	0
AAB-S06R5_17	1	1	4	3	1	0	0	0
AAB-S06R5_20	1	0	0	0	0	0	0	0
AAB-S06R5_86	2	0	3	1	0	0	0	0
AAB-S07R4_113	1	1	0	2	1	0	0	0
AAB-S07R4_166	4	1	2	0	0	1	4	0
AAB-S07R4_2	1	0	0	0	0	0	0	0
AAB-S07R4_27	1	0	0	0	0	0	0	0
AAB-S07R4_46	1	1	0	0	0	0	0	0
AAB-S07R5_17	2	1	2	2	0	1	0	0
AAB-S08R1_111	2	0	1	2	1	2	1	0
AAB-S08R1_117	2	0	1	1	0	0	0	0
AAB-S08R1_131	2	0	1	1	3	0	0	0
AAB-S08R1_138	2	2	1	1	1	0	0	0
AAB-S08R1_145	2	0	0	0	1	0	0	0
AAB-S08R1_148	4	1	0	0	1	0	5	0
AAB-S08R1_152	1	0	0	0	0	0	0	0
AAB-S08R1_175	1	1	0	1	1	0	1	0
AAB-S08R1_181	2	0	1	0	0	2	1	0
AAB-S08R1_182	2	2	0	2	1	0	0	0
AAB-S08R1_184	1	0	1	1	2	0	0	0
AAB-S08R1_19	22	1	4	6	1	5	0	0
AAB-S08R1_22	2	0	0	0	0	0	0	0
AAB-S08R1_233	1	1	1	0	0	1	0	0
AAB-S08R1_234	1	1	1	1	0	0	0	0
AAB-S08R1_238	1	0	1	0	1	0	0	0
AAB-S08R1_261	1	4	3	2	1	0	0	1
AAB-S08R1_266	2	1	1	4	1	1	0	0
AAB-S08R1_271	1	2	3	3	0	0	1	0
AAB-S08R1_280	2	3	0	0	0	1	0	0
AAB-S08R1_285	1	1	0	1	1	0	0	0
AAB-S08R1_286	2	1	0	0	0	0	0	0
AAB-S08R1_296	1	1	0	0	0	0	1	0
AAB-S08R1_305	3	1	1	4	1	0	0	0
AAB-S08R1_332	2	1	4	2	1	0	0	0
AAB-S08R1_335	1	3	0	2	1	0	0	0
AAB-S08R1_336	9	1	0	2	2	0	0	0
AAB-S08R1_340	2	1	0	0	1	1	0	0
AAB-S08R1_345	5	0	2	1	0	0	4	0
AAB-S08R1_352	1	0	4	5	0	0	0	0
AAB-S08R1_358	1	2	0	0	1	0	0	0
AAB-S08R1_366	2	2	1	2	1	0	0	0
AAB-S08R1_377	1	1	0	0	0	0	0	0
AAB-S08R1_388	3	0	0	0	0	0	0	0
AAB-S08R1_397	2	1	0	1	1	0	0	0
AAB-S08R1_399	3	4	2	1	1	0	0	0
AAB-S08R1_404	1	3	1	3	1	0	0	0
AAB-S08R1_405	5	1	1	0	0	2	0	0
AAB-S08R1_406	2	2	0	0	0	0	0	0
AAB-S08R1_48	1	1	2	1	0	0	0	0
AAB-S08R1_53	1	1	0	0	1	0	0	0
AAB-S08R1_54	2	2	3	3	0	0	0	0
AAB-S08R1_55	1	1	1	1	0	0	0	0
AAB-S08R1_57	3	0	1	0	1	1	0	0
AAB-S08R1_68	2	0	0	0	0	0	0	0
AAB-S08R1_77	12	4	4	4	1	1	4	0
AAB-S08R1_80	7	3	2	5	1	4	1	0
AAB-S08R1_95	1	1	1	2	1	0	0	0
AAB-S08R3_35	1	0	0	0	0	0	0	0
AAB-S08R4_106	2	3	2	0	0	0	0	0
AAB-S08R4_127	3	3	1	2	1	0	0	0
AAB-S08R4_139	1	0	0	0	0	0	0	0
AAB-S08R4_160	1	1	0	0	0	0	0	0
AAB-S08R4_162	1	0	2	3	1	0	0	0
AAB-S08R4_167	1	0	0	0	0	0	0	0
AAB-S08R4_217	2	0	0	0	0	0	0	0
AAB-S08R4_233	1	1	2	1	0	0	0	0
AAB-S08R4_238	7	1	7	3	2	2	3	0
AAB-S08R4_240	1	3	1	1	1	0	0	0
AAB-S08R4_245	1	0	1	0	1	0	0	0
AAB-S08R4_256	1	0	0	1	0	0	0	0
AAB-S08R4_26	3	2	0	3	0	0	1	0
AAB-S08R4_266	2	2	1	1	1	0	0	0
AAB-S08R4_40	1	4	2	2	0	0	0	0
AAB-S08R4_42	1	0	1	2	1	0	0	0
AAB-S08R4_44	6	0	4	1	3	1	8	1
AAB-S08R4_56	2	1	0	1	0	0	0	0
AAB-S08R4_65	3	1	1	1	1	2	0	0
AAB-S08R4_78	16	0	4	4	1	7	7	0
AAB-S08R4_80	1	0	0	1	1	0	0	0
AAB-S08R5_132	1	0	0	0	0	0	0	0
AAB-S08R5_146	1	0	0	0	1	0	0	0
AAB-S08R5_158	4	0	1	0	0	1	0	0
AAB-S08R5_181	1	4	1	3	1	0	0	0
AAB-S08R5_194	1	1	2	0	1	0	0	0
AAB-S08R5_22	2	3	1	3	2	0	0	0
AAB-S08R5_236	3	0	0	0	1	0	0	0
AAB-S08R5_240	2	2	1	3	2	0	0	0
AAB-S08R5_25	1	0	0	0	0	0	0	0
AAB-S08R5_261	3	3	2	5	1	0	0	0
AAB-S08R5_297	1	0	0	0	0	0	0	0
AAB-S08R5_304	3	0	0	0	0	0	0	0
AAB-S08R5_308	3	3	2	2	2	1	2	0
AAB-S08R5_312	1	0	0	1	0	0	0	0
AAB-S08R5_340	2	1	1	0	0	0	0	0
AAB-S08R5_38	3	3	0	7	2	0	1	0
AAB-S08R5_45	1	1	0	0	0	0	0	0
AAB-S08R5_56	2	0	0	0	0	0	0	0
AAB-S08R5_58	1	2	2	2	0	1	0	0
AAB-S08R5_68	3	0	2	2	0	1	2	0
AAB-S08R5_77	4	1	0	0	1	0	2	0
AAB-S09R1_19	1	0	0	0	0	0	0	0
AAB-S09R1_24	6	1	2	4	2	1	3	0
AAB-S09R1_5	1	0	0	0	2	3	0	0
AAB-S09R2_12	1	1	1	0	0	0	0	0
AAB-S09R3_43	1	0	0	0	0	0	0	0
AAB-S09R5_10	2	1	1	0	1	1	0	0
AAB-S10R1_100	1	2	0	0	1	1	0	0
AAB-S10R1_112	4	0	0	4	1	0	1	0
AAB-S10R1_12	1	1	3	1	1	0	0	0
AAB-S10R1_122	8	4	3	4	2	2	5	1
AAB-S10R1_125	2	0	0	0	0	0	0	0
AAB-S10R1_134	3	3	1	0	0	1	2	0
AAB-S10R1_135	1	0	0	0	0	0	0	0
AAB-S10R1_149	4	1	0	1	1	0	0	0
AAB-S10R1_153	1	2	2	1	1	0	0	0
AAB-S10R1_156	1	1	1	3	0	0	0	0
AAB-S10R1_182	1	1	0	0	1	0	0	0
AAB-S10R1_19	2	3	1	1	1	0	0	0
AAB-S10R1_194	3	2	3	0	1	0	0	0
AAB-S10R1_197	1	2	0	2	1	0	0	0
AAB-S10R1_201	2	1	0	0	1	0	0	0
AAB-S10R1_202	3	2	2	2	2	2	11	0
AAB-S10R1_209	2	3	1	1	0	0	0	0
AAB-S10R1_237	2	1	0	0	1	0	0	0
AAB-S10R1_240	3	1	0	1	1	0	5	0
AAB-S10R1_252	1	1	0	2	0	0	0	0
AAB-S10R1_255	1	2	1	1	1	0	0	0
AAB-S10R1_258	3	2	1	1	1	2	1	0
AAB-S10R1_26	2	1	1	6	0	2	0	0
AAB-S10R1_260	5	1	0	1	1	1	0	0
AAB-S10R1_278	1	0	0	0	1	0	0	0
AAB-S10R1_293	2	1	0	1	0	0	0	0
AAB-S10R1_33	1	1	1	1	0	1	0	0
AAB-S10R1_34	1	1	4	2	1	0	0	0
AAB-S10R1_45	1	1	0	0	0	0	0	0
AAB-S10R1_55	1	2	0	0	1	1	0	0
AAB-S10R1_77	2	0	0	1	1	0	0	0
AAB-S10R2_115	1	1	0	0	0	0	0	0
AAB-S10R3_110	3	3	0	0	2	1	1	0
AAB-S10R3_120	1	1	3	4	1	2	0	0
AAB-S10R3_127	2	1	0	2	1	4	2	0
AAB-S10R3_149	2	0	1	1	0	0	0	0
AAB-S10R3_170	11	2	3	1	2	4	14	0
AAB-S10R3_173	1	2	1	1	0	0	0	0
AAB-S10R3_179	1	0	0	0	0	0	0	0
AAB-S10R3_188	1	0	0	1	0	0	0	0
AAB-S10R3_19	3	0	0	1	1	0	0	0
AAB-S10R3_203	1	1	1	1	0	0	0	0
AAB-S10R3_209	1	1	2	0	1	0	0	0
AAB-S10R3_215	3	0	0	4	1	0	0	0
AAB-S10R3_233	1	0	0	0	0	0	0	0
AAB-S10R3_239	3	2	0	1	0	0	0	1
AAB-S10R3_254	1	2	0	0	1	0	0	0
AAB-S10R3_257	1	0	1	0	0	0	0	0
AAB-S10R3_265	1	2	1	0	1	0	0	0
AAB-S10R3_266	2	0	0	0	0	0	0	0
AAB-S10R3_277	4	1	0	1	0	0	0	0
AAB-S10R3_290	3	1	1	0	1	0	4	0
AAB-S10R3_59	2	0	0	0	0	0	0	0
AAB-S10R3_81	2	0	1	0	0	0	0	0
AAB-S10R4_62	1	0	0	0	0	0	0	0
AAB-S10R4_74	1	0	0	0	0	0	0	0
AAB-S11R1_10	2	0	1	2	2	0	0	0
AAB-S11R1_102	6	0	1	1	0	1	0	0
AAB-S11R1_110	2	0	0	0	0	1	0	0
AAB-S11R2_27	1	1	0	0	0	0	0	0
AAB-S11R2_51	2	1	0	1	0	0	0	0
AAB-S11R2_86	1	1	0	3	1	0	0	0
AAB-S11R3_2	1	1	1	1	1	0	0	0
AAB-S11R3_83	6	3	1	0	1	0	0	0
AAB-S12R2_108	1	0	1	2	0	0	0	0
AAB-S12R2_67	1	2	0	2	1	0	1	0
AAB-S12R3_132	2	0	2	1	0	0	0	0
AAB-S12R3_40	1	0	0	0	0	0	0	0
AAB-S12R3_43	2	1	1	2	1	1	1	0
AAB-S12R3_44	1	0	0	0	0	0	0	0
AAB-S12R3_78	1	0	1	1	0	0	0	0
AAB-S12R3_96	3	0	0	0	2	0	0	0
AAB-S13R1_100	1	2	0	1	1	0	0	0
AAB-S13R1_111	2	1	0	0	1	0	0	0
AAB-S13R1_115	1	3	1	1	1	0	0	0
AAB-S13R1_13	5	2	0	1	2	1	1	0
AAB-S13R1_141	1	3	1	1	1	0	0	0
AAB-S13R1_149	3	0	0	0	0	1	0	0
AAB-S13R1_20	2	1	1	1	1	0	1	0
AAB-S13R1_200	3	2	1	0	1	2	1	0
AAB-S13R1_213	1	2	0	0	1	0	0	0
AAB-S13R1_229	1	1	0	0	0	1	2	0
AAB-S13R1_240	1	4	1	2	0	1	0	0
AAB-S13R1_242	1	2	0	0	0	0	0	0
AAB-S13R1_243	2	2	2	2	0	0	0	0
AAB-S13R1_34	3	2	1	0	1	0	0	0
AAB-S13R1_47	1	1	1	0	0	0	0	0
AAB-S13R1_49	2	1	0	1	0	0	0	0
AAB-S13R1_68	2	0	1	1	1	1	2	0
AAB-S13R1_83	6	4	3	4	1	1	0	0
AAB-S13R1_87	1	2	0	1	1	1	0	0
AAB-S13R1_88	2	2	2	3	2	0	0	0
AAB-S13R1_9	1	0	0	1	0	0	0	0
AAB-S13R2_102	1	0	0	1	0	0	0	0
AAB-S13R2_11	3	2	0	1	1	0	0	0
AAB-S13R2_14	2	1	1	1	1	0	0	0
AAB-S13R2_140	4	0	0	1	0	0	3	0
AAB-S13R2_21	3	0	1	1	0	1	1	0
AAB-S13R2_26	3	2	3	0	0	0	0	0
AAB-S13R2_30	2	1	2	1	0	0	0	0
AAB-S13R2_32	2	0	1	1	0	0	0	0
AAB-S13R2_89	2	0	1	0	1	0	0	0
AAB-S13R2_90	1	2	2	0	0	0	0	0
AAB-S13R3_111	4	0	1	1	1	0	0	0
AAB-S13R3_126	1	2	0	2	1	2	0	0
AAB-S13R3_130	1	0	2	1	0	0	0	0
AAB-S13R3_144	2	2	1	1	1	0	1	0
AAB-S13R3_168	1	1	0	1	1	0	0	0
AAB-S13R3_171	1	0	1	0	0	0	0	0
AAB-S13R3_205	1	0	1	0	0	0	0	0
AAB-S13R3_213	1	1	1	2	0	0	0	0
AAB-S13R3_232	3	2	3	1	1	0	0	0
AAB-S13R3_242	2	1	0	2	0	1	0	0
AAB-S13R3_25	1	1	0	0	1	0	0	0
AAB-S13R3_251	2	1	1	0	1	0	0	0
AAB-S13R3_3	1	2	2	0	1	0	0	0
AAB-S13R3_57	1	0	0	0	0	0	1	0
AAB-S13R3_64	3	1	1	2	0	0	0	0
AAB-S13R3_72	4	0	3	1	0	0	0	0
AAB-S14R1_110	2	0	0	0	0	0	0	0
AAB-S14R1_120	1	2	1	1	0	0	0	0
AAB-S14R1_16	12	1	2	2	1	0	0	0
AAB-S14R1_169	7	0	0	1	1	1	0	0
AAB-S14R1_55	1	0	0	0	0	0	0	0
AAB-S14R1_65	1	2	1	2	1	0	2	0
AAB-S14R1_67	1	0	0	1	0	0	0	0
AAB-S14R1_95	1	2	2	4	0	0	0	0
AAB-S14R2_11	1	2	0	0	1	0	0	0
AAB-S14R2_149	1	1	0	2	2	0	0	0
AAB-S14R2_4	3	1	2	3	0	0	0	0
AAB-S14R2_44	2	1	0	0	1	0	0	0
AAB-S14R2_52	1	0	0	0	0	0	0	0
AAB-S14R3_109	1	0	1	0	0	0	1	0
AAB-S14R3_172	1	1	0	2	0	0	0	0
AAB-S14R3_180	1	1	2	0	0	0	0	0
AAB-S14R3_21	1	0	0	1	0	0	0	0
AAB-S14R3_240	3	0	0	0	0	0	0	0
AAB-S14R3_3	1	0	0	0	1	0	0	0
AAB-S14R3_38	2	1	1	0	0	0	0	0
AAB-S14R3_43	1	1	0	0	0	0	0	0
AAB-S14R3_78	2	1	0	1	1	0	0	0
AAB-S14R3_99	1	0	2	1	0	0	0	0
AAB-S15R2_98	2	1	1	0	1	0	0	0
AAB-S15R3_121	4	1	0	2	1	1	1	0
AAB-S15R3_125	2	0	0	0	0	0	0	0
AAB-S15R3_166	6	0	0	0	0	1	0	0
AAB-S15R3_83	1	0	0	0	0	0	0	0
AAB-S17R1_20	4	0	2	5	1	1	0	0
AAB-S17R1_3	1	1	0	0	1	0	0	0
AAB-S17R1_43	1	0	0	1	1	0	0	0
AAB-S17R1_45	3	0	2	2	0	0	0	0
AAB-S17R1_49	1	1	0	0	0	0	0	0
AAB-S17R1_50	4	1	2	0	0	0	1	0
AAB-S17R1_53	4	2	5	4	2	1	0	0
AAB-S17R4_87	1	0	0	0	0	0	0	0
AAB-S19R1_111	2	0	0	0	1	0	0	0
AAB-S19R1_119	1	0	1	0	0	0	0	0
AAB-S19R1_152	2	1	0	0	0	0	1	0
AAB-S19R1_155	1	0	0	0	0	0	0	0
AAB-S19R1_162	2	1	1	0	1	0	0	0
AAB-S19R1_67	1	3	0	0	0	0	0	0
AAB-S19R1_7	1	0	0	0	0	0	0	0
AAB-S19R2_106	1	0	1	0	1	0	0	0
AAB-S19R2_155	1	1	1	0	1	1	0	0
AAB-S19R2_180	1	1	1	0	2	0	0	0
AAB-S19R2_31	1	1	0	0	0	0	1	0
AAB-S19R2_49	2	1	1	0	1	0	0	0
AAB-S19R2_52	1	0	0	0	0	0	0	0
AAB-S19R2_95	1	1	3	1	1	0	0	0
AAB-S19R4_116	11	2	4	3	1	2	3	0
AAB-S19R4_139	4	2	8	2	1	1	3	0
AAB-S19R4_142	2	3	1	0	0	0	0	0
AAB-S19R4_150	2	2	1	1	2	0	0	0
AAB-S19R4_203	1	1	0	1	1	0	0	0
AAB-S19R4_44	1	0	1	1	1	0	1	0
AAB-S19R4_46	7	2	6	6	2	1	0	0
AAB-S19R4_53	3	2	0	0	0	0	0	0
AAB-S19R4_86	1	0	1	0	1	0	0	0
AAB-S19R4_95	1	0	0	0	0	0	0	0
AAB-S20R2_152	1	0	2	0	1	0	0	0
AAB-S20R2_21	1	1	1	0	1	0	0	0
AAB-S20R2_48	1	1	1	0	1	0	0	0
AAB-S20R2_62	1	0	0	1	0	0	0	0
AAB-S20R2_66	1	1	0	0	1	0	0	0
AAB-S20R2_67	3	1	2	4	0	1	0	0
AAB-S20R2_71	1	1	0	0	0	0	0	0
AAB-S20R4_100	1	0	0	0	0	0	0	0
AAB-S20R4_103	3	0	1	2	0	0	0	0
AAB-S20R4_163	1	1	0	0	1	0	0	0
AAB-S20R4_33	1	1	2	0	1	0	0	0
AAB-S20R4_42	2	1	1	1	0	0	0	0
AAB-S20R4_6	1	0	0	0	1	0	0	0
AAB-S20R4_85	1	0	0	0	0	0	0	0
AAB-S20R5_100	2	2	1	0	1	0	0	0
AAB-S20R5_19	4	1	1	0	3	2	0	0
AAB-S20R5_74	1	0	0	0	0	0	0	0
AAB-S20R5_98	1	0	0	1	1	0	0	1
AAB-S21R1_117	4	1	0	2	0	0	0	0
AAB-S21R1_130	1	0	0	0	0	0	0	0
AAB-S21R1_50	2	2	2	2	0	2	0	0
AAB-S21R1_7	43	0	3	8	1	8	2	0
AAB-S21R2_119	1	1	1	0	0	0	0	0
AAB-S21R2_13	1	1	2	1	0	0	0	0
AAB-S21R2_139	1	0	0	0	0	0	0	0
AAB-S21R2_24	1	1	0	0	1	0	0	0
AAB-S21R2_63	1	1	0	0	1	0	0	0
AAB-S21R2_64	6	3	3	3	0	1	1	0
AAB-S21R2_91	1	3	0	1	1	1	0	0
AAB-S21R3_103	1	1	1	1	0	0	0	0
AAB-S21R3_6	3	0	0	1	0	0	0	0
AAB-S21R3_85	1	0	0	0	0	0	0	0
AAB-S21R4_27	2	0	0	0	0	0	0	0
AAB-S21R4_33	1	2	1	3	1	1	0	0
AAB-S21R4_4	2	1	0	0	0	0	0	0
AAB-S21R5_35	5	4	1	6	2	1	5	0
AAB-S22R2_1	1	2	0	0	0	0	0	0
AAB-S22R2_101	6	1	1	1	0	0	1	0
AAB-S22R2_113	2	3	0	2	1	0	0	0
AAB-S22R2_134	1	0	1	1	1	0	0	0
AAB-S22R2_138	1	0	2	1	1	0	0	0
AAB-S22R2_189	1	1	0	0	0	0	0	0
AAB-S22R2_21	2	0	0	0	0	0	0	0
AAB-S22R2_22	1	1	2	4	1	0	0	0
AAB-S22R2_24	2	1	0	0	2	1	0	0
AAB-S22R2_98	1	1	2	0	0	0	1	0
AAB-S22R3_126	2	2	1	0	1	0	0	0
AAB-S22R3_144	1	0	0	0	0	0	0	0
AAB-S22R3_166	1	1	0	0	0	0	0	0
AAB-S22R3_57	1	1	0	0	0	0	0	0
AAB-S22R3_65	1	1	0	0	1	0	0	0
AAB-S22R3_73	1	6	3	2	2	0	2	0
AAB-S22R5_105	2	1	0	0	0	0	0	0
AAB-S22R5_141	1	5	0	0	1	0	2	0
AAB-S22R5_162	1	1	0	0	1	0	0	0
AAB-S22R5_20	3	0	4	4	0	0	0	0
AAB-S22R5_209	2	0	0	0	0	0	0	0
AAB-S22R5_215	2	2	0	0	1	0	0	0
AAB-S22R5_270	1	2	1	1	0	1	0	0
AAB-S22R5_40	1	1	0	1	0	0	0	0
AAB-S22R5_86	1	0	0	0	0	0	0	0
AAB-S22R5_88	1	1	1	0	0	0	1	0
AAB-S23R1_28	1	0	2	0	0	0	0	0
AAB-S23R2_47	1	0	0	0	0	0	0	0
AAB-S23R2_58	5	0	3	3	0	0	0	0
AAB-S23R2_6	4	1	1	2	0	1	1	0
AAB-S23R2_73	1	1	0	1	0	0	0	0
AAB-S23R2_79	2	1	1	1	2	0	0	0
AAB-S23R2_93	2	2	3	9	1	0	0	0
AAB-S23R3_49	1	2	0	0	0	0	0	0
AAB-S23R3_58	3	3	2	4	1	0	0	0
AAB-S23R4_126	1	0	0	0	0	0	0	0
AAB-S23R4_161	2	0	0	0	0	0	1	0
AAB-S23R4_162	3	1	0	0	0	0	0	0
AAB-S23R4_170	2	1	0	3	1	2	0	0
AAB-S23R4_183	1	1	0	0	1	0	0	0
AAB-S23R4_189	1	0	0	1	1	0	1	0
AAB-S23R4_190	1	0	6	1	1	0	0	0
AAB-S23R4_207	1	0	0	0	0	0	0	0
AAB-S23R4_214	8	3	2	1	2	4	4	0
AAB-S23R4_219	1	1	0	1	0	0	0	0
AAB-S23R4_228	1	1	0	1	1	0	0	0
AAB-S23R4_229	2	1	1	1	0	0	0	0
AAB-S23R4_278	1	1	0	1	0	0	0	0
AAB-S23R4_280	1	1	2	1	0	0	0	0
AAB-S23R4_285	1	0	1	1	0	0	0	0
AAB-S23R4_294	1	2	0	1	1	1	1	0
AAB-S23R4_295	2	2	1	2	1	0	0	0
AAB-S23R4_38	1	0	0	0	0	0	1	0
AAB-S23R4_47	2	2	2	1	1	0	0	0
AAB-S23R4_88	1	0	0	1	0	0	0	0
AAB-S23R4_89	4	1	1	3	0	1	0	0
AAB-S23R5_24	1	0	0	0	0	0	0	0
AAB-S23R5_3	2	0	2	1	0	1	0	0
AAB-S23R5_50	1	0	0	0	0	0	0	0
AAB-S23R5_58	3	0	0	3	1	0	0	0
AAB-S24R1_105	1	2	0	1	1	0	0	0
AAB-S24R1_107	1	1	1	0	0	0	0	0
AAB-S24R1_115	1	0	0	0	1	0	0	0
AAB-S24R1_146	1	0	0	0	0	0	0	0
AAB-S24R1_152	1	1	1	0	1	0	1	0
AAB-S24R1_156	2	1	0	1	0	0	0	0
AAB-S24R1_163	1	4	1	1	1	1	1	0
AAB-S24R1_164	1	2	0	0	0	0	0	0
AAB-S24R1_167	1	1	1	0	0	0	0	0
AAB-S24R1_245	1	0	1	0	0	0	0	0
AAB-S24R1_40	4	2	0	0	0	0	0	0
AAB-S24R1_77	1	1	0	1	1	1	0	0
AAB-S24R1_78	3	0	0	0	1	0	0	0
AAB-S24R1_79	3	0	0	2	0	0	0	0
AAB-S24R1_8	1	0	0	0	1	0	0	0
AAB-S24R1_86	1	2	1	1	0	0	1	0
AAB-S24R1_90	4	0	3	1	0	0	0	0
AAB-S24R2_150	3	0	0	1	0	0	0	0
AAB-S24R2_165	1	1	0	0	0	0	0	0
AAB-S24R2_208	4	0	1	1	1	1	0	0
AAB-S24R2_227	3	0	0	0	0	0	0	0
AAB-S24R2_231	1	0	0	0	1	2	0	0
AAB-S24R2_244	3	2	1	3	2	1	4	0
AAB-S24R2_248	1	3	0	0	1	0	0	0
AAB-S24R2_8	1	0	0	0	0	0	0	0
AAB-S24R3_102	3	1	1	0	1	0	0	0
AAB-S24R3_132	2	0	0	1	1	0	0	0
AAB-S24R3_15	3	0	0	0	0	1	0	0
AAB-S24R3_169	2	1	2	3	1	0	2	0
AAB-S24R3_17	2	2	3	1	0	1	0	0
AAB-S24R3_79	1	1	0	0	2	1	1	0
AAB-S24R3_94	2	1	0	0	0	0	2	0
AAB-S24R4_10	4	1	0	2	0	0	1	0
AAB-S24R4_107	1	1	0	0	1	0	0	0
AAB-S24R4_113	1	0	0	0	0	0	0	0
AAB-S24R4_162	6	1	5	1	0	2	0	0
AAB-S24R4_2	2	0	0	0	1	0	0	0
AAB-S24R4_32	10	0	0	1	0	0	0	0
AAB-S24R4_4	2	1	0	0	0	0	0	0
AAB-S24R4_60	1	1	0	2	0	0	0	0
AAB-S24R4_84	1	0	4	1	0	0	1	0
AAB-S24R4_87	1	0	0	2	0	0	1	0
AAB-S24R5_139	1	0	0	0	0	0	0	0
AAB-S24R5_142	1	1	0	0	1	0	0	0
AAB-S24R5_154	1	1	0	0	1	0	0	0
AAB-S24R5_157	1	2	1	0	1	0	0	0
AAB-S24R5_158	1	0	0	0	1	0	0	0
AAB-S24R5_16	5	1	0	1	1	0	0	0
AAB-S24R5_170	3	3	2	1	0	1	0	0
AAB-S24R5_186	1	2	0	1	0	1	1	0
AAB-S24R5_205	1	0	0	0	0	0	0	0
AAB-S24R5_209	1	1	0	4	1	0	0	0
AAB-S24R5_221	1	1	1	1	0	1	0	0
AAB-S24R5_224	3	1	0	0	1	0	0	0
AAB-S24R5_227	3	3	3	3	1	0	2	0
AAB-S24R5_46	1	3	1	0	0	1	0	0
AAB-S24R5_64	1	1	1	1	0	0	0	0
AAB-S24R5_65	2	0	1	0	0	0	0	0
AAB-S24R5_66	1	2	1	1	0	0	0	0
AAB-S24R5_71	1	2	0	4	0	0	0	0
AAB-S24R5_81	2	0	0	1	0	0	0	0
AAB-S24R5_98	5	3	2	1	2	4	2	0
AAB-S25R1_112	13	0	0	2	0	4	3	0
AAB-S25R1_152	11	3	2	10	1	4	1	0
AAB-S25R1_169	3	3	1	6	1	0	0	0
AAB-S25R1_29	2	1	3	3	1	0	0	0
AAB-S25R2_17	1	0	2	3	0	0	0	0
AAB-S25R2_28	1	2	1	4	0	0	0	0
AAB-S25R2_59	2	2	2	2	1	1	2	0
AAB-S25R2_60	1	0	0	0	0	0	0	0
AAB-S25R2_66	2	0	0	0	0	0	0	0
AAB-S25R2_68	1	0	0	0	1	0	0	0
AAB-S25R2_79	5	2	0	2	1	2	2	0
AAB-S25R2_96	1	1	1	1	1	0	0	0
AAB-S25R2_99	1	0	0	0	1	0	1	0
AAB-S25R3_10	1	1	0	0	1	0	0	0
AAB-S25R3_109	2	1	1	3	1	0	0	0
AAB-S25R3_127	1	2	0	1	1	0	0	0
AAB-S25R3_131	1	1	1	3	0	0	0	0
AAB-S25R3_166	1	0	2	0	0	0	0	0
AAB-S25R3_167	1	2	0	1	1	1	2	0
AAB-S25R3_175	6	1	1	11	1	6	2	0
AAB-S25R3_194	1	1	0	3	1	2	0	0
AAB-S25R3_206	2	1	0	2	1	0	0	0
AAB-S25R3_219	12	4	4	4	4	0	5	1
AAB-S25R3_223	1	0	0	0	0	0	0	0
AAB-S25R3_224	3	1	0	0	0	0	0	0
AAB-S25R3_227	2	1	0	2	2	0	0	0
AAB-S25R3_245	2	2	1	1	2	0	0	0
AAB-S25R3_277	1	0	1	0	1	0	0	0
AAB-S25R3_30	2	2	0	2	0	0	0	0
AAB-S25R3_32	1	2	0	1	1	0	0	0
AAB-S25R3_40	2	2	2	2	1	0	0	0
AAB-S25R3_47	2	3	2	1	1	0	1	0
AAB-S25R3_83	1	1	1	1	1	0	0	0
AAB-S25R3_86	2	1	0	1	0	0	0	0
AAB-S25R3_97	2	3	5	1	1	0	0	0
AAB-S25R4_178	29	2	2	7	1	8	0	0
AAB-S25R4_25	2	0	0	0	1	0	0	0
AAB-S25R4_30	3	2	1	4	0	2	0	0
AAB-S25R4_32	3	3	0	0	0	1	0	0
AAB-S25R4_56	3	2	0	1	2	0	0	0
AAB-S25R4_72	1	0	0	0	0	0	0	0
AAB-S26R1_124	18	0	1	2	1	4	1	0
AAB-S26R1_125	1	0	0	0	0	0	0	0
AAB-S26R1_155	1	2	2	0	0	0	0	0
AAB-S26R1_16	1	0	0	0	0	0	0	0
AAB-S26R1_162	1	0	0	2	1	0	0	0
AAB-S26R1_174	1	0	1	1	0	1	0	0
AAB-S26R1_197	4	2	1	1	0	0	0	0
AAB-S26R1_233	1	1	2	4	1	2	0	0
AAB-S26R1_58	2	1	1	0	1	0	0	0
AAB-S26R1_93	1	1	3	0	0	0	0	0
AAB-S26R2_117	3	1	1	1	0	0	0	0
AAB-S26R2_130	1	0	0	1	0	0	3	0
AAB-S26R2_135	1	1	0	1	0	0	1	0
AAB-S26R2_157	6	2	2	1	1	0	0	1
AAB-S26R2_188	2	1	0	1	0	0	0	0
AAB-S26R2_198	1	1	0	1	0	0	0	0
AAB-S26R2_278	1	1	0	0	1	0	0	0
AAB-S26R2_282	1	1	1	0	1	0	0	0
AAB-S26R2_286	1	0	0	0	1	0	1	0
AAB-S26R2_288	1	0	0	0	0	0	0	0
AAB-S26R2_289	2	1	1	0	1	0	0	0
AAB-S26R2_291	3	2	1	0	0	0	0	0
AAB-S26R2_295	1	0	0	1	0	1	0	0
AAB-S26R2_304	3	1	0	1	1	0	0	0
AAB-S26R2_307	1	1	2	1	0	0	0	0
AAB-S26R2_4	1	0	0	0	2	0	0	0
AAB-S26R2_40	1	1	2	0	0	2	0	0
AAB-S26R2_44	1	0	0	1	1	0	0	0
AAB-S26R2_80	2	1	2	2	1	1	0	0
AAB-S26R3_104	1	0	1	1	0	0	0	0
AAB-S26R3_107	2	1	0	0	0	0	0	0
AAB-S26R3_110	2	1	0	0	1	0	0	0
AAB-S26R3_136	1	1	3	2	0	0	0	0
AAB-S26R3_156	2	1	1	0	0	0	0	0
AAB-S26R3_161	2	1	0	0	2	0	1	0
AAB-S26R3_163	12	2	4	3	2	2	4	0
AAB-S26R3_17	5	1	0	4	0	0	0	0
AAB-S26R3_184	3	3	4	2	1	0	0	0
AAB-S26R3_187	1	1	0	1	0	0	0	0
AAB-S26R3_194	2	0	0	1	1	1	0	0
AAB-S26R3_198	1	1	0	2	1	0	0	0
AAB-S26R3_204	2	1	0	0	0	0	0	0
AAB-S26R3_205	1	1	2	1	0	1	0	0
AAB-S26R3_210	1	0	1	0	0	0	0	0
AAB-S26R3_213	1	2	3	1	2	0	0	0
AAB-S26R3_220	1	1	2	0	0	0	0	0
AAB-S26R3_225	4	4	4	1	1	0	0	0
AAB-S26R3_244	1	0	0	1	0	0	0	0
AAB-S26R3_248	2	1	0	4	1	0	1	0
AAB-S26R3_30	1	0	1	0	1	0	0	0
AAB-S26R3_309	1	1	0	2	1	0	0	0
AAB-S26R3_311	4	1	1	2	1	0	0	0
AAB-S26R3_313	2	0	0	0	0	0	0	0
AAB-S26R3_332	1	0	2	0	2	0	0	0
AAB-S26R3_341	3	2	1	4	1	0	0	0
AAB-S26R3_349	3	1	0	1	1	0	0	0
AAB-S26R3_362	1	2	1	0	0	0	0	0
AAB-S26R3_38	1	2	3	1	1	0	1	0
AAB-S26R3_44	1	1	1	1	1	0	0	0
AAB-S26R3_51	1	1	0	1	0	0	0	0
AAB-S26R3_61	12	1	2	0	2	1	1	0
AAB-S26R3_68	5	1	1	1	2	1	0	0
AAB-S26R3_69	2	1	0	2	2	2	0	0
AAB-S26R3_73	4	3	0	2	1	0	0	0
AAB-S26R3_79	1	1	0	2	0	0	0	0
AAB-S26R3_8	1	1	1	0	0	0	0	0
AAB-S26R3_90	2	1	1	1	0	0	0	0
AAB-S26R3_92	2	4	1	1	1	1	0	0
AAB-S26R4_114	12	4	3	3	1	1	5	0
AAB-S26R4_117	1	0	0	0	0	0	1	0
AAB-S26R4_119	3	0	2	3	1	0	0	0
AAB-S26R4_123	1	3	0	1	1	0	0	0
AAB-S26R4_126	4	1	2	3	0	7	3	0
AAB-S26R4_153	1	1	1	1	1	0	0	0
AAB-S26R4_179	1	1	1	0	0	0	0	0
AAB-S26R4_181	2	1	3	3	1	1	0	0
AAB-S26R4_186	1	2	1	0	0	0	0	0
AAB-S26R4_219	3	2	0	0	0	0	0	0
AAB-S26R4_224	1	2	1	0	2	1	1	0
AAB-S26R4_235	3	3	4	1	2	1	0	0
AAB-S26R4_272	1	2	0	0	2	0	0	0
AAB-S26R4_291	1	1	3	1	1	2	2	0
AAB-S26R4_300	9	3	10	7	8	4	5	0
AAB-S26R4_311	4	2	4	1	2	3	1	0
AAB-S26R4_320	1	2	3	5	2	0	0	0
AAB-S26R4_46	2	1	2	2	0	0	1	0
AAB-S26R4_68	1	0	0	0	0	0	0	0
AAB-S26R4_96	1	2	2	5	1	0	0	0
AAB-S26R5_130	1	1	2	1	0	0	0	0
AAB-S26R5_138	5	2	1	1	0	5	0	0
AAB-S26R5_157	2	1	0	3	0	0	0	0
AAB-S26R5_165	1	0	0	0	0	0	0	0
AAB-S26R5_19	2	2	1	2	2	0	0	0
AAB-S26R5_199	1	0	0	0	0	0	0	0
AAB-S26R5_208	1	0	0	0	0	0	0	0
AAB-S26R5_219	1	0	0	0	0	0	0	0
AAB-S26R5_22	9	3	3	4	1	2	4	1
AAB-S26R5_222	1	0	1	1	0	0	0	0
AAB-S26R5_223	6	3	0	2	1	0	1	0
AAB-S26R5_226	1	0	0	3	0	0	0	0
AAB-S26R5_241	5	2	5	1	1	0	1	0
AAB-S26R5_252	1	0	0	0	0	0	0	0
AAB-S26R5_255	5	4	0	2	1	0	0	0
AAB-S26R5_258	6	1	0	1	0	1	1	0
AAB-S26R5_261	1	1	2	0	0	1	0	0
AAB-S26R5_274	2	0	0	1	0	0	0	0
AAB-S26R5_276	1	0	0	0	0	0	0	0
AAB-S26R5_294	1	2	2	2	0	0	0	0
AAB-S26R5_307	1	0	1	1	2	0	0	0
AAB-S26R5_336	6	1	1	0	0	0	0	0
AAB-S26R5_338	1	2	1	0	0	0	2	0
AAB-S26R5_353	1	1	2	2	0	0	0	0
AAB-S26R5_359	3	0	3	2	0	0	1	0
AAB-S26R5_360	1	0	1	2	0	0	1	0
AAB-S26R5_366	1	1	2	4	1	2	0	0
AAB-S26R5_37	1	1	1	0	0	2	0	0
AAB-S26R5_386	1	1	0	0	0	0	0	0
AAB-S26R5_43	1	1	1	1	0	0	0	0
AAB-S26R5_55	4	1	1	3	0	1	0	0
AAB-S26R5_61	2	2	2	0	1	0	0	0
AAB-S26R5_63	1	0	1	1	0	0	0	0
AAB-S26R5_89	2	3	0	2	1	0	0	0
AAB-S27R1_100	6	1	2	0	0	2	0	0
AAB-S27R1_122	3	2	4	2	1	0	1	0
AAB-S27R1_179	2	2	1	1	0	0	1	0
AAB-S27R1_32	1	3	0	0	0	2	0	0
AAB-S27R1_47	4	3	5	7	1	5	5	0
AAB-S27R1_55	2	2	2	2	0	0	0	0
AAB-S27R1_88	1	0	0	0	0	1	0	0
AAB-S27R1_95	1	1	2	0	0	0	1	0
AAB-S27R2_197	1	2	2	1	0	0	2	0
AAB-S27R2_208	2	1	0	0	0	1	0	0
AAB-S27R2_73	1	1	1	1	1	0	0	0
AAB-S27R2_8	1	0	1	1	0	0	0	0
AAB-S27R2_90	3	1	2	0	0	1	1	0
AAB-S27R3_13	5	1	0	1	0	1	0	0
AAB-S27R4_132	1	1	0	4	1	0	0	0
AAB-S27R4_133	1	3	1	1	0	0	1	0
AAB-S27R4_172	3	1	0	1	1	0	0	0
AAB-S27R4_18	1	2	0	1	0	0	0	0
AAB-S27R4_186	2	0	0	0	1	0	0	0
AAB-S27R4_236	1	0	1	1	0	0	0	0
AAB-S27R4_285	1	2	0	1	1	0	0	0
AAB-S27R4_312	5	5	2	4	1	0	0	0
AAB-S27R4_317	3	1	1	1	0	1	0	0
AAB-S27R4_336	1	0	1	0	0	0	0	0
AAB-S27R4_63	3	1	0	0	0	0	0	0
AAB-S27R4_65	1	1	1	0	1	0	0	0
AAB-S27R5_103	5	1	0	0	0	1	0	0
AAB-S27R5_114	1	1	1	0	0	0	0	0
AAB-S27R5_202	2	0	1	1	0	0	0	0
AAB-S28R1_141	1	0	0	0	0	0	0	0
AAB-S28R1_26	1	0	1	1	1	0	0	0
AAB-S28R1_262	3	2	1	0	0	0	0	0
AAB-S28R1_294	2	1	1	2	1	0	0	0
AAB-S28R1_33	1	0	1	0	0	0	0	0
AAB-S28R2_110	1	0	1	2	1	0	0	0
AAB-S28R2_112	1	0	0	0	0	0	0	0
AAB-S28R2_123	1	0	0	0	0	0	0	0
AAB-S28R2_131	7	2	2	4	1	0	0	0
AAB-S28R2_135	3	1	0	1	0	0	0	0
AAB-S28R2_138	1	1	1	1	1	0	0	0
AAB-S28R2_15	3	1	0	1	0	0	0	0
AAB-S28R2_158	2	0	1	0	0	0	0	0
AAB-S28R2_165	1	1	1	0	0	0	0	0
AAB-S28R2_176	1	1	0	0	1	0	0	0
AAB-S28R2_178	1	1	0	0	0	0	0	0
AAB-S28R2_194	1	1	0	1	0	0	0	0
AAB-S28R2_202	4	0	1	0	0	0	0	0
AAB-S28R2_206	3	0	2	6	1	0	0	0
AAB-S28R2_223	1	1	1	0	0	0	0	0
AAB-S28R2_250	1	3	1	0	0	1	0	0
AAB-S28R2_256	4	2	1	0	1	0	0	0
AAB-S28R2_259	1	0	0	0	0	0	0	0
AAB-S28R2_282	4	0	2	1	1	0	1	0
AAB-S28R2_285	1	1	0	0	0	0	0	0
AAB-S28R2_286	1	0	0	0	1	0	5	0
AAB-S28R2_296	1	0	0	1	1	0	0	0
AAB-S28R2_334	1	0	1	0	1	0	0	0
AAB-S28R2_384	1	0	1	1	0	0	0	0
AAB-S28R2_390	1	1	0	0	1	1	0	0
AAB-S28R2_391	1	0	2	0	0	0	0	0
AAB-S28R2_405	21	1	1	5	0	11	5	0
AAB-S28R2_408	2	1	0	1	0	0	0	0
AAB-S28R2_54	2	1	2	1	1	0	1	0
AAB-S28R2_7	1	0	0	0	0	0	0	0
AAB-S28R2_71	1	1	1	1	1	1	0	0
AAB-S28R2_72	1	3	0	1	1	4	1	0
AAB-S28R2_74	1	0	1	0	0	0	0	0
AAB-S28R2_75	1	3	1	3	1	1	0	0
AAB-S28R2_79	1	0	0	0	0	0	0	0
AAB-S28R2_84	4	1	2	0	1	1	0	0
AAB-S28R2_97	1	2	1	0	1	0	0	0
AAB-S28R3_114	1	1	1	0	1	0	0	0
AAB-S28R3_160	1	0	0	0	0	0	1	0
AAB-S28R3_167	4	1	0	0	1	1	0	0
AAB-S28R3_20	1	1	0	0	0	0	0	0
AAB-S28R3_216	2	0	0	0	0	0	0	0
AAB-S28R3_219	1	0	0	0	1	0	0	0
AAB-S28R3_226	1	0	2	0	0	0	0	0
AAB-S28R3_229	1	2	2	3	1	1	0	0
AAB-S28R3_33	1	0	0	0	0	0	0	0
AAB-S28R3_36	20	1	0	4	0	6	1	0
AAB-S28R3_53	1	2	0	1	1	0	0	0
AAB-S28R3_60	1	0	1	0	0	0	0	0
AAB-S28R3_7	1	0	0	0	0	0	0	0
AAB-S28R3_72	1	0	2	1	0	0	0	0
AAB-S28R3_84	1	0	1	1	1	2	2	0
AAB-S28R3_95	1	1	0	0	0	0	0	0
AAB-S28R4_104	3	0	0	0	0	0	0	0
AAB-S28R4_126	1	1	2	0	0	0	0	0
AAB-S28R4_133	1	0	1	1	0	0	0	0
AAB-S28R4_135	1	0	0	0	0	0	0	0
AAB-S28R4_154	2	0	0	0	2	0	4	0
AAB-S28R4_175	4	1	1	0	0	1	0	0
AAB-S28R4_36	1	0	0	0	0	0	0	0
AAB-S28R4_37	1	0	0	0	0	0	0	0
AAB-S28R4_79	1	0	0	0	0	0	0	0
AAB-S28R5_1	2	0	0	1	1	0	0	0
AAB-S28R5_138	4	1	0	0	0	1	0	0
AAB-S28R5_5	1	1	0	0	0	0	0	0
AAB-S28R5_76	1	2	1	3	1	1	0	0
AAB-S29R1_164	2	3	2	0	0	0	0	0
AAB-S29R1_167	4	3	4	2	1	1	1	0
AAB-S29R1_210	2	2	0	1	1	0	0	0
AAB-S29R1_25	1	1	1	0	0	0	0	0
AAB-S29R1_252	1	0	1	0	1	0	0	0
AAB-S29R1_257	1	2	2	1	1	0	0	0
AAB-S29R1_66	2	1	0	1	1	1	0	0
AAB-S29R1_87	3	1	1	2	1	0	0	0
AAB-S29R1_99	1	0	0	0	0	0	0	0
AAB-S29R2_108	2	1	1	0	0	0	0	0
AAB-S29R2_147	2	1	0	2	1	1	1	0
AAB-S29R2_211	3	1	0	0	0	0	1	0
AAB-S29R2_213	3	2	1	0	1	0	1	0
AAB-S29R2_221	1	0	1	0	1	0	0	0
AAB-S29R2_228	1	0	0	0	0	0	0	0
AAB-S29R2_39	7	1	0	0	0	1	0	0
AAB-S29R2_91	8	0	0	0	0	1	1	0
AAB-S29R3_120	2	0	1	1	1	0	0	0
AAB-S29R3_130	1	2	0	1	1	0	0	0
AAB-S29R3_164	2	2	1	1	1	0	0	0
AAB-S29R3_168	6	0	1	3	0	1	1	0
AAB-S29R3_220	2	3	1	1	1	1	0	0
AAB-S29R3_232	2	3	3	0	1	0	0	0
AAB-S29R3_30	1	1	2	0	0	0	0	0
AAB-S29R3_56	1	0	0	1	1	0	0	0
AAB-S29R3_69	4	3	0	3	1	0	0	0
AAB-S29R3_87	1	0	1	1	1	0	1	0
AAB-S29R3_97	2	0	0	0	2	0	0	0
AAB-S29R4_104	2	1	1	0	1	0	0	0
AAB-S29R4_106	2	0	0	0	0	0	0	0
AAB-S29R4_15	1	0	1	0	1	0	0	0
AAB-S29R4_171	1	1	0	1	0	1	0	0
AAB-S29R4_172	6	1	2	0	0	3	0	0
AAB-S29R4_203	1	0	1	0	0	0	1	0
AAB-S29R4_213	1	0	0	1	0	0	0	0
AAB-S29R4_35	1	0	0	0	0	0	1	0
AAB-S29R4_66	2	1	0	0	1	0	0	0
AAB-S29R4_86	1	1	0	1	1	1	0	0
AAB-S29R5_212	2	1	0	0	0	3	0	0
AAB-S29R5_215	1	0	0	0	0	0	0	0
AAB-S29R5_225	1	1	2	0	1	0	0	0
AAB-S29R5_241	2	0	0	0	0	0	0	0
AAB-S29R5_77	1	0	0	0	0	0	0	0
AAB-S29R5_99	6	1	2	4	1	1	0	0
AAB-S31R1_161	1	1	0	0	0	0	0	0
AAB-S31R1_195	2	0	5	1	0	0	0	0
AAB-S31R1_33	1	2	1	1	1	0	0	0
AAB-S31R1_88	1	0	0	0	0	0	0	0
AAB-S31R1_95	1	2	0	0	2	2	3	0
AAB-S31R2_120	1	0	0	0	0	0	0	0
AAB-S31R2_124	1	0	0	0	0	0	0	0
AAB-S31R3_85	1	2	0	2	1	0	0	0
AAB-S31R3_94	2	0	2	0	0	0	1	0
AAB-S32R3_36	6	1	0	1	0	0	0	0
AAB-S32R3_8	5	1	2	5	0	0	0	0
AAB-S33R1_33	3	1	0	0	1	1	0	0
AAB-S33R1_70	2	1	3	5	1	4	0	0
AAB-S33R1_71	2	0	4	2	1	2	1	0
AAB-S33R2_119	1	0	0	0	0	0	0	0
AAB-S33R2_52	1	1	0	0	1	0	0	0
ANP-S42R1_27	1	1	0	0	0	0	0	0
ANP-S42R1_50	1	0	0	0	0	0	0	0
ANP-S42R1_57	1	1	1	0	0	0	0	0
ANP-S42R2_111	1	2	0	1	0	0	0	0
ANP-S42R2_119	3	1	0	1	1	0	0	0
ANP-S42R3_118	2	0	1	0	0	1	6	0
ANP-S42R4_115	3	1	0	2	1	0	0	0
ANP-S42R4_139	1	1	0	0	2	0	2	0
ANP-S42R4_154	1	0	0	1	0	0	0	0
ANP-S42R4_165	3	1	0	0	0	0	0	0
ANP-S42R4_17	2	0	0	1	0	0	0	0
ANP-S42R4_187	2	1	0	0	0	0	0	0
ANP-S42R4_216	1	2	1	8	1	0	1	0
ANP-S42R4_236	1	1	0	0	1	1	0	0
ANP-S42R4_27	2	0	0	0	0	1	0	0
ANP-S42R4_31	3	3	1	1	0	1	1	0
ANP-S42R4_36	1	0	0	0	1	0	0	0
ANP-S42R4_63	1	0	0	0	0	0	0	0
ANP-S42R4_99	3	0	1	0	0	0	0	0
ANP-S42R5_72	1	1	0	0	1	1	0	0
ANP-S43R1_13	2	1	0	0	0	0	0	0
ANP-S43R2_61	1	1	1	0	1	0	0	0
ANP-S43R3_118	1	0	1	0	0	0	0	0
ANP-S43R3_83	3	1	1	1	0	0	0	0
ANP-S43R3_93	1	0	1	1	0	0	0	0
ANP-S43R4_140	1	1	1	0	0	0	0	0
ANP-S43R4_184	1	0	2	0	0	0	0	0
ANP-S43R4_197	2	1	1	2	1	0	0	0
ANP-S43R5_144	2	1	1	1	2	1	0	0
ANP-S43R5_202	2	2	0	1	0	0	0	0
ANP-S43R5_5	1	0	0	0	1	0	0	0
ANP-S43R5_76	1	1	0	0	3	0	0	0
ANP-S43R5_92	1	1	1	0	1	0	0	0
DAS-S51R2_52	1	1	0	1	0	0	0	0
DAS-S51R3_36	2	1	0	0	0	0	0	0
DAS-S51R3_55	1	1	0	1	1	0	0	0
DAS-S51R4_143	3	0	0	0	0	0	0	0
DAS-S51R4_32	1	1	0	1	0	0	0	0
DAS-S51R5_146	6	3	1	2	0	3	0	0
DAS-S51R5_16	1	1	0	0	1	0	0	0
DAS-S51R5_165	1	0	1	0	0	0	0	0
DAS-S51R5_168	2	2	1	0	0	0	0	0
DAS-S51R5_178	3	0	0	0	0	0	0	0
DAS-S51R5_21	1	1	1	0	0	0	1	0
DAS-S51R5_24	3	1	1	0	0	0	0	0
DAS-S52R1_100	1	0	0	0	0	0	0	0
DAS-S52R1_113	1	1	1	0	1	0	0	0
DAS-S52R1_115	1	3	1	0	1	0	0	0
DAS-S52R1_137	1	1	0	0	1	0	0	0
DAS-S52R1_2	1	3	0	0	1	0	0	0
DAS-S52R1_22	1	1	2	0	0	0	0	0
DAS-S52R1_25	1	3	1	1	1	0	1	0
DAS-S52R1_27	1	1	1	1	0	0	0	0
DAS-S52R1_49	1	3	0	0	2	0	0	0
DAS-S52R1_56	2	2	1	2	1	0	0	0
DAS-S52R1_7	1	1	0	0	1	0	0	0
DAS-S52R1_71	1	1	0	0	2	0	0	0
DAS-S52R1_85	1	4	0	0	0	0	0	0
DAS-S52R2_1	7	1	8	4	0	1	1	0
DAS-S52R2_16	1	3	0	0	0	0	0	0
DAS-S52R2_28	3	3	1	1	0	0	0	0
DAS-S52R2_36	2	0	0	0	0	0	0	0
DAS-S52R2_46	1	0	0	0	0	0	0	0
DAS-S52R2_5	2	1	0	2	1	0	1	0
DAS-S52R2_50	5	1	1	3	0	3	0	0
DAS-S52R2_9	4	1	1	0	0	1	0	0
DAS-S52R3_116	1	2	4	1	0	1	0	0
DAS-S52R3_122	4	3	0	0	0	0	0	0
DAS-S52R3_127	1	0	0	0	1	0	0	0
DAS-S52R3_138	1	0	3	1	0	0	1	0
DAS-S52R3_146	1	0	2	0	0	0	0	0
DAS-S52R3_161	1	0	0	0	0	0	0	0
DAS-S52R3_168	2	2	0	1	0	1	0	0
DAS-S52R3_173	1	1	1	0	1	0	0	0
DAS-S52R3_181	1	1	0	0	0	0	0	0
DAS-S52R3_193	1	1	1	0	0	0	0	0
DAS-S52R3_205	1	0	2	1	1	0	0	0
DAS-S52R3_231	1	0	0	0	0	0	0	0
DAS-S52R3_245	3	1	0	0	1	0	0	0
DAS-S52R3_249	1	3	0	0	0	1	1	0
DAS-S52R3_282	1	1	2	1	1	0	0	0
DAS-S52R3_285	1	0	0	0	0	0	0	0
DAS-S52R3_290	3	1	1	2	1	1	0	0
DAS-S52R3_35	2	1	0	2	0	0	0	0
DAS-S52R3_43	6	0	0	1	0	2	0	0
DAS-S52R3_61	1	3	1	1	4	0	1	0
DAS-S52R3_67	1	0	0	0	0	0	0	0
DAS-S52R4_16	1	0	0	0	0	0	0	0
DAS-S52R4_28	1	0	0	0	0	0	0	0
DAS-S52R4_34	1	1	1	0	0	0	0	0
DAS-S52R4_48	2	0	1	1	0	0	0	0
DAS-S52R4_8	1	4	0	0	0	0	0	0
DAS-S52R4_92	1	1	0	0	0	0	0	0
DAS-S52R5_108	12	3	2	2	3	1	1	0
DAS-S52R5_138	1	2	1	0	0	0	0	0
DAS-S52R5_155	1	0	0	1	0	0	0	0
DAS-S52R5_169	1	0	1	1	1	0	0	0
DAS-S52R5_42	1	2	0	0	0	0	0	0
DAS-S52R5_49	2	0	0	0	0	0	0	0
DAS-S52R5_66	1	3	0	0	1	0	0	0
DAS-S52R5_83	1	3	0	0	1	1	0	0
DAS-S52R5_93	1	1	1	0	1	0	0	0
DAS-S53R1_110	2	0	0	1	0	1	0	0
DAS-S53R1_134	1	0	0	0	0	0	0	0
DAS-S53R1_80	2	1	1	0	1	2	0	0
DAS-S53R2_137	3	3	0	1	0	1	2	0
DAS-S53R2_52	1	1	0	0	0	0	0	0
DAS-S53R2_60	5	1	0	1	0	0	0	0
DAS-S53R2_73	3	0	0	0	0	2	0	0
DAS-S53R2_94	4	1	0	2	1	1	0	0
DAS-S53R3_136	1	1	0	0	0	0	0	0
DAS-S53R3_146	3	1	0	0	1	1	0	0
DAS-S53R3_169	1	1	1	1	0	0	0	0
DAS-S53R3_172	1	0	0	1	0	0	0	0
DAS-S53R3_201	1	0	0	0	0	0	0	0
DAS-S53R3_28	7	1	1	1	1	0	0	0
DAS-S53R3_41	1	0	0	0	0	0	0	0
DAS-S53R3_57	1	0	1	1	1	0	4	0
DAS-S53R3_59	2	0	0	0	3	0	0	0
DAS-S53R3_60	1	0	0	0	0	0	0	0
DAS-S53R4_42	2	3	0	0	0	0	0	0
DAS-S53R5_100	2	0	0	1	0	1	0	0
DAS-S53R5_109	1	0	0	0	0	0	0	0
DAS-S53R5_124	1	1	0	0	0	0	1	0
DAS-S53R5_141	3	1	3	3	1	0	1	0
DAS-S53R5_142	1	0	1	0	0	0	0	0
DAS-S53R5_163	1	0	0	0	0	0	0	0
DAS-S53R5_166	1	0	0	0	0	0	0	0
DAS-S53R5_171	1	0	1	0	0	0	0	0
DAS-S53R5_174	2	0	0	0	1	0	0	0
DAS-S53R5_208	1	0	2	1	0	2	0	0
DAS-S53R5_213	1	1	1	0	1	0	0	0
DAS-S53R5_27	2	0	0	0	0	0	0	0
DAS-S53R5_41	3	2	0	0	0	0	0	0
DAS-S53R5_43	3	1	6	4	0	2	0	0
DAS-S53R5_83	2	0	0	0	0	0	1	0
JFJ-S34R1_126	1	0	2	0	0	0	0	0
JFJ-S34R1_146	2	1	1	0	0	0	0	0
JFJ-S34R1_173	2	1	0	0	2	0	2	0
JFJ-S34R1_204	1	0	0	0	0	0	0	0
JFJ-S34R1_57	4	2	0	0	1	0	0	0
JFJ-S34R1_84	4	1	1	0	1	1	0	0
JFJ-S34R1_92	1	0	0	1	0	0	0	0
JFJ-S34R3_114	1	0	0	2	1	0	0	0
JFJ-S34R3_182	2	0	1	0	0	0	0	0
JFJ-S34R3_188	1	1	1	0	0	0	1	0
JFJ-S34R3_2	1	0	1	0	0	0	0	0
JFJ-S34R3_20	1	1	0	0	0	1	0	0
JFJ-S34R3_219	2	0	0	0	1	0	0	0
JFJ-S34R3_230	1	0	1	0	2	0	1	0
JFJ-S34R3_233	1	2	0	2	0	2	0	0
JFJ-S34R3_278	1	1	0	0	1	0	0	0
JFJ-S34R3_28	2	0	0	0	0	1	0	0
JFJ-S34R3_34	8	0	1	8	3	3	3	0
JFJ-S34R3_69	1	1	0	0	1	0	0	0
JFJ-S34R4_19	2	0	0	0	0	0	0	0
JFJ-S34R4_36	1	1	0	0	0	0	0	0
JFJ-S35R1_103	2	0	1	0	2	0	1	0
JFJ-S35R1_122	2	0	0	0	0	0	0	0
JFJ-S35R1_124	1	0	0	0	1	0	0	0
JFJ-S35R1_204	2	0	0	1	0	1	2	0
JFJ-S35R1_21	1	0	0	0	0	0	0	0
JFJ-S35R1_220	3	0	0	0	1	0	0	0
JFJ-S35R1_39	1	0	0	1	0	0	0	0
JFJ-S35R1_43	1	0	0	0	0	0	0	0
JFJ-S35R1_74	1	0	1	0	0	0	0	0
JFJ-S35R1_78	1	0	0	0	0	1	0	0
JFJ-S35R1_81	1	1	0	0	0	0	0	0
JFJ-S35R2_101	1	1	0	0	1	0	0	0
JFJ-S35R2_128	1	0	0	0	0	0	0	0
JFJ-S35R2_139	2	0	0	0	1	0	0	0
JFJ-S35R2_15	1	1	1	1	1	0	0	0
JFJ-S35R2_151	1	1	0	0	0	0	0	0
JFJ-S35R2_154	1	0	1	0	0	0	0	0
JFJ-S35R2_171	1	0	3	1	0	0	0	0
JFJ-S35R2_181	1	0	0	0	0	0	0	0
JFJ-S35R2_189	2	0	0	0	1	0	0	0
JFJ-S35R2_195	1	0	1	2	0	1	0	0
JFJ-S35R2_204	12	0	2	2	0	4	5	0
JFJ-S35R2_205	4	1	0	0	1	0	0	0
JFJ-S35R2_229	2	0	0	1	1	0	0	0
JFJ-S35R2_24	3	1	0	0	1	0	0	0
JFJ-S35R2_240	2	0	0	0	1	0	0	0
JFJ-S35R2_32	3	1	2	2	1	1	2	0
JFJ-S35R2_45	1	2	0	1	1	0	0	0
JFJ-S35R2_71	4	0	0	0	0	0	0	0
JFJ-S35R2_76	1	0	0	0	0	0	1	0
JFJ-S35R2_77	2	0	1	0	0	0	0	0
JFJ-S35R2_78	2	3	1	0	0	1	0	0
JFJ-S35R3_116	2	0	0	0	0	0	1	0
JFJ-S35R3_120	2	0	0	1	0	0	0	0
JFJ-S35R3_133	1	0	0	0	0	0	1	0
JFJ-S35R3_176	1	0	1	1	1	1	0	0
JFJ-S35R3_44	1	3	1	0	0	0	0	0
JFJ-S35R3_49	1	0	1	0	1	1	0	0
JFJ-S35R3_75	2	0	0	0	0	0	0	0
JFJ-S35R4_121	1	0	0	0	1	0	0	0
JFJ-S35R4_124	1	0	0	0	0	0	0	0
JFJ-S35R4_128	1	0	0	0	0	0	0	0
JFJ-S35R4_184	1	2	0	0	1	0	1	0
JFJ-S35R4_185	1	0	1	0	1	0	0	0
JFJ-S35R4_217	1	0	0	0	0	0	0	0
JFJ-S35R4_5	1	0	0	0	0	0	0	0
JFJ-S35R4_69	1	0	0	0	0	0	0	0
JFJ-S35R4_71	1	0	0	0	1	0	0	0
JFJ-S35R4_86	3	1	0	0	0	0	0	0
JFJ-S35R5_107	1	0	0	0	0	0	0	0
JFJ-S35R5_132	1	0	0	0	0	0	0	0
JFJ-S35R5_135	2	2	0	0	1	0	0	0
JFJ-S35R5_148	1	0	0	0	0	0	0	0
JFJ-S35R5_188	2	0	0	0	0	0	0	0
JFJ-S35R5_238	1	1	0	0	0	0	0	0
JFJ-S35R5_38	1	0	0	0	0	0	0	0
JFJ-S35R5_69	1	1	0	0	0	0	0	0
JFJ-S36R1_143	4	1	0	1	0	0	0	0
JFJ-S36R1_15	1	2	1	0	1	1	0	0
JFJ-S36R1_206	1	0	0	0	0	0	0	0
JFJ-S36R1_250	1	0	0	0	0	0	0	0
JFJ-S36R1_255	1	0	1	0	1	0	1	0
JFJ-S36R1_278	3	0	0	0	0	0	0	0
JFJ-S36R1_38	1	0	0	0	0	0	0	0
JFJ-S36R1_47	1	0	2	0	1	0	0	0
JFJ-S36R1_52	1	0	1	0	0	0	0	0
JFJ-S36R1_64	4	1	0	0	1	0	0	0
JFJ-S36R1_94	1	2	1	0	0	0	0	0
JFJ-S36R1_95	1	0	0	0	0	0	0	0
JFJ-S36R2_100	1	2	0	0	0	0	0	0
JFJ-S36R2_102	1	0	1	0	0	0	0	0
JFJ-S36R2_81	3	0	2	0	0	1	0	0
JFJ-S36R3_10	1	0	2	1	0	1	0	0
JFJ-S36R3_186	1	1	0	1	0	0	0	0
JFJ-S36R3_191	1	0	0	0	0	0	0	0
JFJ-S36R3_20	1	0	0	0	0	0	0	0
JFJ-S36R3_208	2	1	0	0	0	0	0	0
JFJ-S36R3_24	2	1	0	0	1	0	0	0
JFJ-S36R3_68	1	2	0	0	0	0	0	0
JFJ-S36R3_98	1	0	1	0	1	0	0	0
JFJ-S36R4_136	1	0	2	1	0	1	0	0
JFJ-S36R4_145	3	0	0	0	1	0	0	0
JFJ-S36R4_28	1	0	0	0	0	0	0	0
JFJ-S36R4_48	1	0	0	0	0	0	0	0
JFJ-S36R4_5	1	0	0	0	0	0	0	0
JFJ-S36R4_61	1	0	0	0	0	0	0	0
JFJ-S36R5_10	4	0	0	0	0	0	0	0
JFJ-S36R5_123	1	0	0	0	0	0	0	0
JFJ-S36R5_126	1	0	0	0	0	0	0	0
JFJ-S36R5_167	1	1	0	0	0	0	0	0
JFJ-S36R5_177	2	0	0	0	0	0	0	0
JFJ-S36R5_239	1	0	0	0	0	0	0	0
JFJ-S36R5_30	1	1	0	0	0	0	0	0
JFJ-S36R5_90	1	0	0	0	0	0	0	0
JFJ-S37R1_28	1	0	1	0	0	0	0	0
JFJ-S37R1_37	1	1	1	1	1	0	0	0
JFJ-S37R1_57	1	0	0	1	0	0	0	0
JFJ-S37R2_32	1	1	0	0	0	0	0	0
JFJ-S37R2_35	3	1	0	0	1	0	0	0
JFJ-S37R2_36	1	0	0	0	0	0	0	0
JFJ-S37R4_112	1	1	0	0	0	0	1	0
JFJ-S37R4_27	1	0	0	0	1	0	0	0
JFJ-S37R4_80	1	1	0	0	0	0	0	0
JFJ-S37R5_106	1	0	2	0	0	0	0	0
JFJ-S37R5_137	1	1	0	0	0	0	1	0
JFJ-S37R5_51	2	1	0	0	0	1	0	0
JFJ-S37R5_90	3	1	1	4	1	0	0	0
JFJ-S38R2_115	1	0	0	0	0	1	0	0
JFJ-S38R2_119	1	2	0	2	1	0	0	0
JFJ-S38R2_24	1	0	0	1	0	0	0	0
JFJ-S38R2_46	3	1	1	0	0	1	0	0
JFJ-S38R2_47	2	0	0	0	0	0	0	0
JFJ-S38R2_61	1	0	0	0	0	0	0	0
JFJ-S38R3_101	1	0	1	1	0	0	0	0
JFJ-S38R3_113	5	1	0	0	0	0	0	0
JFJ-S38R3_117	1	1	1	0	1	0	0	0
JFJ-S38R3_130	1	0	0	0	1	0	0	0
JFJ-S38R3_132	1	1	0	0	0	0	0	0
JFJ-S38R3_136	3	1	0	0	0	1	0	0
JFJ-S38R3_161	1	0	0	0	0	0	1	0
JFJ-S38R3_184	2	1	0	1	0	0	0	0
JFJ-S38R4_102	1	0	0	0	0	0	0	0
JFJ-S38R4_111	1	0	0	0	0	0	0	0
JFJ-S38R4_173	2	0	0	0	1	0	0	0
JFJ-S38R4_175	3	1	1	0	0	1	0	0
JFJ-S38R4_61	1	0	0	0	0	0	0	0
JFJ-S38R4_77	1	0	0	0	0	0	0	0
JFJ-S38R5_135	1	1	1	0	0	1	0	0
JFJ-S38R5_157	1	0	0	0	0	0	0	0
JFJ-S38R5_200	4	0	5	1	0	2	0	0
JFJ-S38R5_68	3	0	0	0	1	0	0	0
JFJ-S38R5_78	1	1	1	2	0	0	1	0
KKK-S54R1_12	1	0	0	0	0	0	0	0
KKK-S54R1_172	2	0	0	1	0	0	0	0
KKK-S54R1_18	1	0	5	2	0	0	0	0
KKK-S54R1_190	1	2	1	3	1	1	0	0
KKK-S54R1_56	3	3	0	1	1	0	0	0
KKK-S54R1_72	1	1	0	1	0	0	0	0
KKK-S54R1_74	2	1	4	3	1	0	0	0
KKK-S54R2_59	5	1	1	1	0	0	1	0
KKK-S54R3_15	2	0	0	0	2	0	0	0
KKK-S54R3_154	1	1	1	1	1	0	0	0
KKK-S54R3_181	1	0	0	0	0	0	0	0
KKK-S54R3_27	1	1	1	0	0	0	0	0
KKK-S54R3_92	1	0	0	0	0	0	1	0
KKK-S55R1_109	1	0	0	1	0	0	0	0
KKK-S55R1_163	1	0	1	0	2	0	0	0
KKK-S55R1_72	2	1	0	0	0	0	0	0
KKK-S55R1_86	1	1	1	0	0	0	0	0
KKK-S55R1_95	2	1	2	1	1	0	0	0
KKK-S55R1_98	1	2	1	0	1	0	0	0
KKK-S55R2_139	1	1	0	0	0	1	0	0
KKK-S55R2_175	1	0	1	0	0	0	0	0
KKK-S55R2_176	2	2	0	0	1	1	0	0
KKK-S55R2_213	1	0	0	0	0	0	0	0
KKK-S55R2_27	1	2	1	0	0	0	1	0
KKK-S55R2_286	1	2	0	0	0	1	1	0
KKK-S55R2_44	1	1	0	0	1	0	0	0
KKK-S55R3_121	2	1	0	0	1	0	0	0
KKK-S55R3_143	1	1	0	2	0	0	0	0
KKK-S55R3_190	1	1	0	0	0	0	0	0
KKK-S55R3_208	2	0	0	0	0	0	0	0
KKK-S55R3_249	1	1	0	0	1	0	0	0
KKK-S56R1_105	7	3	1	1	1	2	1	0
KKK-S56R1_118	1	2	0	0	1	0	0	0
KKK-S56R1_175	3	0	1	0	0	0	0	0
KKK-S56R1_20	1	0	1	1	0	0	0	0
KKK-S56R1_53	3	0	0	0	0	0	0	0
KKK-S56R1_60	1	0	0	0	0	0	0	0
KKK-S56R1_70	1	4	1	0	2	2	0	1
KKK-S56R1_86	3	0	1	0	1	0	0	0
KKK-S56R1_91	1	1	1	0	1	0	0	0
KKK-S56R2_11	1	0	0	0	0	0	0	0
KKK-S56R2_121	1	1	1	0	1	0	0	0
KKK-S56R2_130	1	0	2	1	1	0	0	0
KKK-S56R2_184	3	3	1	0	1	1	1	0
KKK-S56R2_198	2	0	0	3	0	0	0	0
KKK-S56R2_202	2	1	0	1	0	0	3	0
KKK-S56R2_4	2	0	0	1	0	0	0	0
KKK-S56R2_87	1	1	1	1	0	0	0	0
KKK-S56R3_135	1	2	1	0	2	2	0	0
KKK-S56R3_176	4	1	2	1	0	1	0	0
KKK-S56R3_183	1	1	1	1	1	1	0	0
KKK-S56R3_34	2	2	1	1	0	1	1	0
KKK-S56R3_64	1	1	0	0	1	0	0	0
KKK-S56R3_79	1	1	1	0	0	0	0	0
KKK-S56R3_86	1	1	1	0	0	0	0	0
KKK-S56R3_9	1	0	0	1	0	0	0	0
KKK-S57R1_111	4	1	2	1	1	0	0	0
KKK-S57R1_144	3	1	0	0	1	0	0	0
KKK-S57R1_146	1	1	1	2	1	0	0	0
KKK-S57R1_150	1	0	0	1	2	0	0	0
KKK-S57R1_161	2	1	1	1	1	0	0	0
KKK-S57R1_34	1	0	1	1	0	0	0	0
KKK-S58R2_165	1	0	0	0	0	0	0	0
KKK-S58R2_30	2	1	0	0	0	0	0	0
KKK-S58R2_75	1	0	1	0	0	0	1	0
KKK-S58R3_32	3	4	1	2	1	1	1	0
KKK-S58R3_72	1	1	0	0	2	0	0	0
KKK-S58R3_76	1	1	0	2	1	0	0	0
KKK-S58R3_8	1	0	0	0	0	0	0	0
KKK-S58R3_81	2	0	0	0	1	0	0	0
KKK-S58R3_83	1	1	0	0	0	0	0	0
KKK-S59R1_14	4	1	0	0	1	0	0	0
KKK-S59R1_95	1	1	0	1	0	0	0	0
KKK-S59R3_33	1	0	0	0	0	0	3	0
KKK-S59R3_41	2	1	0	0	1	1	2	0
KKK-S59R3_46	3	0	0	0	0	1	3	0
KKK-S60R1_117	1	0	0	0	1	1	0	0
KKK-S60R1_143	1	1	1	0	0	0	0	0
KKK-S60R1_36	1	1	0	0	0	0	0	0
KKK-S60R1_63	2	1	2	1	1	0	0	0
KKK-S60R1_78	1	0	1	1	0	0	0	0
KKK-S61R2_10	2	2	0	0	1	0	0	0
KKK-S61R2_24	1	0	1	0	0	0	1	0
KKK-S61R2_85	1	0	1	0	1	0	0	0
KKK-S61R3_13	1	1	0	0	0	0	0	0
KKK-S61R3_154	1	1	0	0	1	0	0	0
KKK-S61R3_163	1	0	0	0	0	0	0	0
KKK-S61R3_179	1	2	0	0	1	0	0	0
KKK-S61R3_47	1	1	0	0	1	0	0	0
KKK-S61R3_65	2	2	0	0	1	0	0	0
KKK-S61R3_67	1	0	0	0	0	1	0	0
LAL-S44R1_10	1	0	0	0	0	0	0	0
LAL-S44R1_109	1	0	0	0	0	0	0	0
LAL-S44R1_121	1	2	0	0	0	0	1	0
LAL-S44R1_138	2	0	1	1	0	0	0	0
LAL-S44R1_148	3	0	1	0	0	0	0	0
LAL-S44R1_156	2	0	1	1	0	0	1	0
LAL-S44R1_163	1	1	0	2	1	0	0	0
LAL-S44R1_28	3	1	0	0	0	1	0	0
LAL-S44R1_61	2	0	0	0	1	0	0	0
LAL-S44R1_85	1	3	1	0	1	1	0	0
LAL-S44R2_122	2	2	0	1	1	0	0	0
LAL-S44R2_16	1	1	0	1	1	0	0	0
LAL-S44R2_168	2	0	0	3	0	0	1	0
LAL-S44R2_202	1	1	1	0	1	0	0	0
LAL-S44R2_215	1	0	1	1	1	0	0	0
LAL-S44R2_22	3	0	1	2	0	0	1	0
LAL-S44R2_276	2	0	2	0	0	0	0	0
LAL-S44R2_31	1	0	0	0	0	0	0	0
LAL-S44R2_46	1	1	0	0	0	1	0	0
LAL-S44R2_77	5	3	5	2	1	2	14	0
LAL-S44R2_91	1	1	1	0	1	1	0	0
LAL-S44R2_95	1	0	0	0	0	0	0	0
LAL-S44R3_116	1	0	0	0	0	1	0	0
LAL-S44R3_62	1	1	0	1	1	1	0	0
LAL-S44R3_89	1	1	0	1	1	0	1	0
LAL-S44R3_97	1	1	0	0	0	0	0	0
LAL-S44R4_114	1	1	0	0	0	0	2	0
LAL-S44R4_126	1	1	0	0	0	0	0	0
LAL-S44R4_34	1	1	0	1	2	2	1	0
LAL-S44R4_46	1	0	2	0	0	0	0	0
LAL-S44R5_105	1	0	1	1	1	0	1	0
LAL-S44R5_17	1	0	0	0	0	0	0	0
LAL-S44R5_190	1	0	1	0	0	0	0	0
LAL-S44R5_201	1	0	1	0	0	0	0	0
LAL-S44R5_212	2	1	2	1	1	1	0	0
LAL-S44R5_29	1	0	0	0	0	0	0	0
LAL-S44R5_42	1	1	0	2	0	0	0	0
LAL-S44R5_78	2	0	0	1	0	0	0	0
LAL-S44R5_88	2	0	1	0	0	0	0	0
LAL-S45R1_13	1	0	0	1	0	0	0	0
LAL-S45R1_134	1	1	0	0	0	1	0	0
LAL-S45R1_145	4	4	2	3	1	0	0	0
LAL-S45R1_29	1	0	1	0	1	0	2	0
LAL-S45R1_65	1	1	0	1	0	0	0	0
LAL-S45R3_10	1	1	0	1	0	0	0	0
LAL-S45R3_127	4	1	1	0	0	0	0	0
LAL-S45R3_168	1	1	1	0	2	0	0	0
LAL-S45R3_2	5	0	0	2	1	2	0	0
LAL-S45R3_206	1	0	0	1	0	0	1	0
LAL-S45R3_48	4	1	0	1	0	0	0	0
LAL-S45R3_50	1	0	1	1	0	1	0	0
LAL-S45R3_68	1	0	0	0	0	1	0	0
LAL-S45R3_71	1	1	1	0	0	0	0	0
LAL-S45R3_98	7	1	1	1	1	12	4	0
LAL-S45R4_16	1	1	1	1	0	0	0	0
LAL-S45R4_52	1	2	0	0	0	2	0	0
LAL-S45R4_68	1	1	1	0	0	0	0	0
LAL-S45R4_73	2	3	4	1	1	0	9	0
LAL-S45R4_87	2	1	2	0	2	1	3	0
LAL-S45R4_97	2	1	0	1	1	0	0	0
NKL-S46R1_115	1	1	0	0	1	2	1	0
NKL-S46R1_125	5	2	0	0	1	0	0	0
NKL-S46R1_142	1	1	0	0	0	0	0	0
NKL-S46R1_158	1	1	0	0	1	0	0	0
NKL-S46R1_200	3	0	1	1	0	0	0	0
NKL-S46R1_35	1	1	1	1	1	0	0	0
NKL-S46R1_95	1	1	1	1	0	0	3	0
NKL-S46R2_47	1	0	0	1	1	1	0	0
NKL-S46R2_51	1	1	1	1	1	0	0	0
NKL-S46R2_52	1	0	1	1	0	0	0	0
NKL-S46R2_55	1	1	0	0	0	0	0	0
NKL-S46R2_59	2	0	0	0	1	0	0	0
NKL-S46R2_61	2	3	1	5	1	2	0	0
NKL-S46R2_67	1	0	0	0	0	0	0	0
NKL-S46R2_76	24	3	4	5	1	4	0	0
NKL-S46R2_94	1	1	0	1	1	1	0	0
NKL-S46R3_121	2	1	1	0	1	0	2	0
NKL-S46R3_172	3	0	0	0	2	0	0	0
NKL-S46R3_201	1	0	0	0	0	0	1	0
NKL-S46R3_36	3	1	0	0	0	1	0	0
NKL-S46R3_44	4	0	0	0	0	0	0	0
NKL-S47R1_42	1	3	0	0	0	0	0	0
NKL-S47R2_140	1	0	0	1	0	0	0	0
NKL-S47R2_162	1	0	0	0	0	0	0	0
NKL-S47R2_199	1	2	1	0	1	0	1	0
NKL-S47R2_61	1	0	0	0	0	0	1	0
NKL-S47R3_37	1	1	2	0	1	0	0	0
NKL-S47R3_55	5	1	2	2	1	0	1	0
NKL-S47R3_76	2	2	0	0	0	0	0	0
PGN-S62R1_116	1	0	0	1	1	0	0	0
PGN-S62R1_32	2	1	0	0	0	0	0	0
PGN-S62R1_99	1	0	0	0	0	1	0	0
PGN-S62R2_57	2	1	0	0	1	0	0	0
PLA-S39R1_106	1	1	0	0	0	0	0	0
PLA-S39R1_108	1	0	0	0	0	0	0	0
PLA-S39R1_117	1	1	1	0	1	0	0	0
PLA-S39R1_29	2	1	0	1	0	0	0	0
PLA-S39R1_33	1	1	0	0	1	0	0	0
PLA-S39R1_39	1	3	1	0	0	0	1	0
PLA-S39R1_75	1	1	2	0	1	0	0	0
PLA-S39R1_99	1	1	3	1	0	0	0	0
PLA-S39R2_106	1	0	0	0	0	0	0	0
PLA-S39R2_110	1	1	2	0	1	0	0	0
PLA-S39R2_131	2	1	0	2	0	0	0	0
PLA-S39R2_133	1	2	2	2	2	1	0	0
PLA-S39R2_15	2	2	3	0	0	0	0	0
PLA-S39R2_3	1	1	0	0	0	0	1	0
PLA-S39R2_35	1	0	0	0	0	0	0	0
PLA-S39R2_37	1	0	0	0	0	0	0	0
PLA-S39R2_59	1	0	4	0	0	0	0	0
PLA-S39R2_68	2	1	0	0	0	0	0	0
PLA-S39R2_84	1	0	0	0	1	0	0	0
PLA-S39R2_88	1	1	0	1	2	0	0	0
PLA-S39R2_94	1	0	0	0	0	0	0	0
PLA-S39R3_30	4	5	0	1	3	0	1	0
PLA-S39R3_77	1	1	0	0	1	0	0	0
PLA-S39R3_80	2	1	0	0	0	0	0	0
PLA-S39R3_86	2	2	0	2	1	1	0	0
PLA-S39R3_97	1	1	0	0	0	1	0	0
PLA-S39R5_101	1	1	1	0	0	0	0	0
PLA-S39R5_126	6	1	3	1	1	1	0	0
PLA-S39R5_137	4	1	0	0	1	0	0	0
PLA-S39R5_138	2	3	2	0	0	0	0	0
PLA-S39R5_161	1	1	1	1	1	5	0	0
PLA-S39R5_173	4	3	1	1	0	0	0	0
PLA-S39R5_184	1	2	1	0	1	0	0	0
PLA-S39R5_186	2	2	0	0	1	0	0	0
PLA-S39R5_194	1	4	0	0	2	0	0	0
PLA-S39R5_36	1	0	1	0	0	0	0	0
PLA-S39R5_49	1	4	0	0	0	0	0	0
PLA-S39R5_56	1	1	0	2	1	0	0	0
PLA-S39R5_66	1	0	0	1	1	0	0	0
PLA-S39R5_75	1	1	1	0	0	0	0	0
PLA-S39R5_80	2	4	0	0	0	0	0	0
PLA-S39R5_92	1	3	1	0	1	0	0	0
PLA-S40R1_32	1	1	1	2	1	0	0	0
PLA-S40R1_42	1	1	1	0	0	0	0	0
PLA-S40R1_43	1	1	0	0	0	0	0	0
PLA-S40R1_68	1	1	0	0	1	0	0	0
PLA-S40R1_79	1	1	0	1	0	0	0	0
PLA-S40R1_9	1	1	1	1	1	0	0	0
PLA-S40R3_103	1	1	0	0	1	0	0	0
PLA-S40R3_11	1	1	0	0	1	0	0	0
PLA-S40R3_32	3	0	0	0	1	0	0	0
PLA-S40R3_4	2	0	0	1	1	0	0	0
PLA-S40R3_89	1	1	0	1	1	0	0	0
PLA-S40R3_95	1	1	0	0	1	0	0	0
PLA-S40R4_14	1	1	0	1	1	3	0	0
PLA-S40R4_81	1	1	0	0	0	0	0	0
PLA-S40R4_85	1	2	1	0	0	0	0	0
PLA-S40R4_95	1	1	0	1	1	2	0	0
PLA-S41R2_17	1	0	0	0	0	0	0	0
PLA-S41R3_118	3	0	0	0	0	0	0	0
PLA-S41R3_24	1	1	1	0	0	0	0	0
PLA-S41R3_35	1	0	0	0	0	0	0	0
PLA-S41R3_86	3	0	1	2	1	0	0	0
PLA-S41R5_32	22	0	6	6	1	19	1	0
PLA-S41R5_54	1	0	0	0	0	0	0	0
TUW-S63R2_141	1	0	1	2	0	1	0	0
TUW-S63R2_71	1	0	3	3	0	0	0	0
TUW-S63R3_147	1	0	1	1	0	0	0	0
TUW-S63R3_16	3	1	0	1	0	0	1	0
TUW-S63R3_160	1	1	0	1	1	0	0	0
TUW-S63R3_177	1	0	0	0	0	0	0	0
TUW-S63R3_55	1	1	2	0	1	0	1	0
TUW-S63R4_1	1	0	0	0	0	0	0	0
TUW-S63R4_109	4	2	1	4	1	1	1	0
TUW-S63R4_111	1	2	0	1	0	0	0	0
TUW-S63R4_138	1	0	0	0	0	0	0	0
TUW-S63R4_23	5	2	0	4	0	0	0	0
TUW-S63R4_29	1	1	1	1	1	0	0	0
TUW-S63R4_39	3	1	3	0	1	3	1	0
TUW-S63R4_63	2	3	0	4	0	0	0	0
TUW-S63R4_82	1	0	0	0	1	0	0	0
TUW-S63R5_10	3	1	1	2	1	2	0	0
TUW-S63R5_62	2	0	1	1	1	0	1	0
TUW-S63R5_70	1	0	0	0	0	0	0	0
TUW-S64R1_100	1	1	0	0	0	0	0	0
TUW-S64R1_175	1	1	1	0	0	0	1	0
TUW-S64R1_177	1	0	0	0	0	0	1	0
TUW-S64R1_72	1	4	1	0	0	0	0	0
TUW-S64R1_89	2	0	1	1	1	1	0	0
TUW-S64R3_104	1	0	0	1	0	0	0	0
TUW-S64R3_11	2	1	2	1	1	1	1	0
TUW-S64R3_12	1	1	0	0	0	0	0	0
TUW-S64R3_159	1	2	3	4	2	0	0	0
TUW-S64R3_174	2	1	1	0	0	1	0	0
TUW-S64R3_26	1	0	0	0	0	0	0	0
TUW-S64R3_28	2	2	0	2	0	0	0	0
TUW-S64R3_84	1	0	4	1	0	1	1	0
TUW-S64R3_90	2	1	0	0	2	2	0	0
TUW-S64R4_120	1	1	2	1	1	0	0	0
TUW-S64R4_125	1	0	1	0	0	0	0	0
TUW-S64R4_13	1	0	0	0	0	0	0	0
TUW-S64R4_156	2	0	0	0	0	0	0	0
TUW-S64R4_170	1	0	0	2	0	0	0	0
TUW-S64R4_180	2	1	1	0	0	0	0	0
TUW-S64R4_68	1	0	0	1	0	0	0	0
TUW-S64R4_90	1	1	0	0	1	1	0	0
TUW-S64R5_106	1	1	0	1	2	0	2	0
TUW-S64R5_77	1	0	0	0	0	0	0	0
TUW-S65R2_13	4	1	0	0	0	1	0	0
TUW-S65R2_87	1	1	0	1	0	0	0	0
TUW-S65R3_108	2	0	0	1	0	1	0	0
TUW-S65R3_112	1	2	1	0	0	0	0	0
TUW-S65R3_120	1	2	0	0	0	0	0	0
TUW-S65R3_53	3	0	0	0	0	0	0	0
TUW-S65R4_119	1	0	0	1	0	0	0	0
TUW-S65R4_121	1	0	2	2	1	0	0	0
TUW-S65R4_136	1	1	0	0	0	0	0	0
TUW-S65R4_190	1	1	1	0	0	0	0	0
VJW-S48R1_127	1	2	0	1	1	0	3	0
VJW-S48R1_178	2	1	1	0	1	2	1	0
VJW-S48R1_23	1	1	0	0	0	0	0	0
VJW-S48R1_64	2	0	1	1	0	0	0	0
VJW-S48R1_7	3	1	2	1	1	0	0	0
VJW-S48R1_72	1	0	0	1	0	0	0	0
VJW-S48R2_18	1	1	0	0	0	1	0	0
VJW-S48R2_60	7	1	1	8	0	4	4	0
VJW-S48R2_71	2	0	0	0	1	0	0	0
VJW-S48R2_75	1	1	1	1	0	0	0	0
VJW-S48R3_15	2	2	1	1	4	1	0	0
VJW-S48R3_168	2	2	0	1	2	0	0	0
VJW-S48R3_170	4	0	2	0	0	0	0	0
VJW-S48R3_180	1	2	1	1	0	0	0	0
VJW-S48R3_52	1	0	0	1	1	0	0	0
VJW-S48R3_68	1	0	0	0	0	0	0	0
VJW-S48R3_97	1	0	1	0	0	0	0	0
VJW-S48R4_115	2	2	1	0	1	0	0	0
VJW-S48R4_129	1	0	0	0	0	0	0	0
VJW-S48R4_137	2	0	4	2	0	0	0	0
VJW-S48R4_145	1	0	3	1	1	0	0	0
VJW-S48R4_147	1	1	0	0	0	0	0	0
VJW-S48R4_167	3	1	2	1	1	0	0	0
VJW-S48R4_195	1	0	2	0	0	0	0	0
VJW-S48R4_30	1	0	1	0	0	0	0	0
VJW-S48R4_34	1	0	0	0	0	0	0	0
VJW-S48R4_40	1	1	1	0	1	0	0	0
VJW-S48R4_55	1	0	1	0	1	0	0	0
VJW-S48R4_91	1	1	0	1	0	1	0	0
VJW-S48R5_129	4	0	2	1	0	0	1	0
VJW-S48R5_151	1	1	0	0	1	0	0	0
VJW-S48R5_64	1	0	1	1	0	0	0	0
VJW-S48R5_89	1	0	0	0	0	0	0	0
VJW-S49R1_83	1	1	1	2	1	0	0	0
VJW-S49R2_27	2	0	0	0	3	0	0	0
VJW-S49R2_38	1	1	1	0	1	0	0	0
VJW-S49R2_48	7	5	2	5	2	2	4	0
VJW-S50R1_132	2	1	0	0	1	1	0	0
VJW-S50R1_180	2	1	0	1	0	0	0	0
VJW-S50R1_29	2	2	0	3	1	1	0	0
VJW-S50R1_5	1	0	0	0	1	0	1	1
VJW-S50R2_111	3	1	2	3	1	0	0	0
VJW-S50R2_15	1	0	0	0	0	0	0	0
VJW-S50R2_155	3	0	2	0	1	2	3	0
VJW-S50R2_157	2	3	0	2	1	0	0	0
VJW-S50R2_170	2	0	3	5	2	0	0	0
VJW-S50R2_24	2	0	0	2	0	1	1	0
VJW-S50R2_95	1	0	0	0	0	0	0	0
VJW-S50R3_111	1	0	0	0	0	0	0	0
VJW-S50R3_51	1	0	0	0	0	0	0	0
AAB-S01R2_38	0	0	1	3	1	0	0	0
AAB-S01R3_154	0	0	0	0	1	0	0	0
AAB-S01R3_18	0	0	0	1	1	0	0	0
AAB-S01R3_60	0	0	1	0	1	0	0	0
AAB-S01R3_7	0	0	1	0	1	0	0	0
AAB-S01R3_97	0	2	0	0	2	0	1	0
AAB-S01R4_131	0	1	0	1	1	1	0	0
AAB-S01R4_170	0	3	0	0	1	0	0	0
AAB-S01R4_214	0	0	1	0	1	1	0	0
AAB-S01R4_34	0	1	1	0	1	1	0	0
AAB-S01R5_66	0	1	0	0	1	0	0	0
AAB-S02R1_21	0	0	0	0	1	0	0	0
AAB-S02R1_70	0	1	0	0	1	0	0	0
AAB-S02R1_88	0	0	2	6	2	1	0	0
AAB-S02R2_11	0	1	0	0	1	0	0	0
AAB-S02R2_112	0	0	2	1	1	0	0	0
AAB-S02R2_180	0	1	0	0	1	0	0	0
AAB-S02R2_214	0	2	3	5	1	0	0	0
AAB-S02R2_72	0	0	0	0	1	0	0	0
AAB-S02R2_87	0	0	2	0	1	0	0	0
AAB-S02R2_91	0	1	1	0	1	0	0	0
AAB-S02R3_104	0	1	1	0	1	0	0	0
AAB-S02R3_106	0	0	1	1	1	0	0	0
AAB-S02R3_125	0	2	1	2	1	0	0	0
AAB-S02R3_166	0	1	0	1	1	0	0	0
AAB-S02R3_170	0	1	0	0	1	0	0	0
AAB-S02R3_20	0	0	1	0	1	0	0	0
AAB-S02R3_236	0	0	0	0	1	0	0	0
AAB-S02R3_32	0	0	0	0	1	0	0	0
AAB-S02R4_2	0	2	1	1	1	0	0	0
AAB-S02R4_229	0	0	0	0	1	0	0	0
AAB-S02R4_238	0	1	2	0	1	0	0	0
AAB-S02R4_26	0	0	0	0	1	0	0	0
AAB-S02R4_42	0	0	0	0	1	0	0	0
AAB-S02R4_74	0	0	0	0	1	0	0	0
AAB-S02R5_140	0	0	0	0	1	0	0	0
AAB-S02R5_146	0	0	0	0	1	0	0	0
AAB-S02R5_173	0	1	0	0	1	0	0	0
AAB-S02R5_202	0	0	0	0	1	0	0	0
AAB-S02R5_254	0	0	0	0	1	0	0	0
AAB-S03R1_64	0	0	0	0	1	0	0	0
AAB-S03R2_110	0	2	2	0	1	0	0	0
AAB-S03R2_183	0	0	1	0	1	0	0	0
AAB-S03R2_24	0	1	0	0	2	0	0	0
AAB-S03R2_252	0	1	0	0	1	0	1	0
AAB-S03R3_139	0	1	1	0	1	0	0	0
AAB-S03R3_192	0	0	1	1	1	0	0	0
AAB-S03R3_199	0	1	0	1	1	0	0	0
AAB-S03R3_232	0	0	0	0	1	0	0	0
AAB-S03R3_262	0	1	1	0	1	0	0	0
AAB-S03R3_53	0	0	0	0	1	0	0	0
AAB-S03R3_8	0	0	0	0	1	0	0	0
AAB-S03R3_87	0	0	0	1	1	0	0	0
AAB-S03R4_158	0	0	0	0	1	0	0	0
AAB-S03R4_21	0	0	1	1	1	1	0	0
AAB-S03R4_36	0	1	0	0	1	0	1	0
AAB-S03R5_11	0	1	1	0	1	0	0	0
AAB-S04R1_112	0	2	1	0	2	0	0	0
AAB-S04R1_143	0	1	0	1	1	0	0	0
AAB-S04R1_24	0	4	3	0	1	0	0	0
AAB-S04R1_259	0	1	2	1	1	0	0	0
AAB-S04R1_45	0	0	0	5	2	0	0	0
AAB-S04R1_72	0	1	2	1	1	0	0	0
AAB-S04R3_140	0	1	1	0	1	0	0	0
AAB-S04R3_187	0	0	0	0	1	0	0	0
AAB-S04R3_202	0	1	0	0	1	0	0	0
AAB-S04R3_217	0	0	0	1	1	0	0	0
AAB-S04R3_225	0	0	0	0	1	0	0	0
AAB-S04R3_252	0	0	1	0	1	0	0	0
AAB-S04R3_279	0	1	0	0	1	0	0	0
AAB-S04R3_287	0	0	0	0	1	0	0	0
AAB-S04R3_331	0	2	3	4	1	0	1	0
AAB-S04R3_350	0	1	0	0	1	0	0	0
AAB-S04R4_110	0	1	2	3	1	0	0	1
AAB-S04R4_119	0	0	2	0	1	0	0	0
AAB-S04R4_153	0	2	0	1	1	0	0	0
AAB-S04R4_158	0	0	0	0	1	0	0	0
AAB-S04R4_200	0	1	0	0	1	0	0	0
AAB-S04R4_209	0	1	0	0	1	0	0	0
AAB-S04R4_22	0	1	0	1	1	1	1	0
AAB-S04R4_221	0	1	0	5	1	0	0	0
AAB-S04R4_231	0	1	0	0	1	0	0	0
AAB-S04R4_238	0	1	0	0	1	0	0	0
AAB-S04R4_24	0	2	0	0	1	0	0	0
AAB-S04R4_256	0	1	2	0	1	1	0	0
AAB-S04R4_268	0	3	1	1	1	0	0	0
AAB-S04R4_275	0	1	1	0	1	0	0	0
AAB-S04R4_277	0	0	1	1	1	0	0	0
AAB-S04R4_309	0	2	2	0	1	0	0	0
AAB-S04R4_314	0	0	0	0	1	0	0	0
AAB-S04R4_318	0	4	1	3	1	0	0	0
AAB-S04R4_324	0	3	0	1	1	0	1	0
AAB-S04R4_345	0	0	0	0	1	0	0	0
AAB-S04R4_49	0	0	1	0	1	0	0	0
AAB-S04R4_68	0	1	1	0	1	0	0	0
AAB-S04R4_77	0	0	2	0	1	0	0	0
AAB-S04R5_46	0	1	0	1	1	0	0	0
AAB-S04R5_98	0	2	2	4	1	0	0	0
AAB-S05R1_1	0	3	0	2	2	0	0	0
AAB-S05R1_126	0	1	1	1	2	0	0	0
AAB-S05R1_133	0	1	0	1	1	0	0	0
AAB-S05R1_15	0	1	1	0	1	0	0	0
AAB-S05R1_150	0	2	0	0	1	0	0	0
AAB-S05R1_164	0	1	1	0	1	0	1	0
AAB-S05R1_187	0	1	1	0	1	0	0	0
AAB-S05R1_215	0	3	1	3	1	0	0	0
AAB-S05R1_256	0	2	1	1	1	0	0	0
AAB-S05R1_264	0	0	0	0	1	0	0	0
AAB-S05R1_272	0	3	1	0	1	0	0	0
AAB-S05R1_275	0	0	2	0	1	0	0	0
AAB-S05R1_323	0	2	0	1	1	0	0	0
AAB-S05R1_330	0	2	1	0	1	0	0	0
AAB-S05R1_339	0	1	1	1	1	0	0	0
AAB-S05R1_46	0	3	0	0	1	0	0	0
AAB-S05R1_69	0	0	1	0	1	0	0	0
AAB-S05R1_79	0	3	0	1	1	0	0	0
AAB-S05R4_52	0	1	0	0	1	0	0	0
AAB-S05R4_77	0	0	0	0	1	0	0	0
AAB-S06R1_25	0	0	1	0	1	0	1	0
AAB-S06R1_27	0	1	2	2	1	3	0	0
AAB-S06R2_10	0	0	2	0	1	1	0	0
AAB-S06R2_108	0	1	0	1	1	0	0	0
AAB-S06R2_121	0	0	0	2	1	0	0	0
AAB-S06R2_137	0	1	0	3	1	0	0	0
AAB-S06R2_178	0	2	0	0	3	0	0	0
AAB-S06R2_202	0	1	2	4	1	1	2	0
AAB-S06R2_30	0	4	1	0	1	0	0	0
AAB-S06R2_43	0	1	0	3	1	0	0	0
AAB-S06R2_75	0	1	1	0	1	0	0	0
AAB-S06R4_113	0	2	0	0	1	0	0	0
AAB-S06R4_123	0	2	0	1	2	0	0	0
AAB-S06R4_150	0	1	1	0	1	0	0	0
AAB-S06R4_155	0	1	0	0	1	0	0	0
AAB-S06R4_220	0	0	1	1	1	0	0	0
AAB-S06R4_260	0	0	2	0	1	1	0	0
AAB-S06R4_261	0	1	0	1	1	0	0	0
AAB-S06R4_263	0	0	0	0	2	0	0	0
AAB-S06R4_270	0	0	1	1	1	0	0	0
AAB-S06R4_319	0	2	0	0	1	0	0	0
AAB-S06R4_327	0	3	0	1	1	0	0	0
AAB-S06R4_337	0	1	1	0	1	0	0	0
AAB-S06R4_344	0	1	0	0	1	0	0	0
AAB-S06R4_356	0	0	1	0	1	0	0	0
AAB-S06R4_368	0	2	3	0	1	1	1	0
AAB-S06R4_63	0	3	1	0	1	0	0	0
AAB-S06R4_68	0	0	1	0	1	0	0	0
AAB-S06R4_77	0	2	2	0	1	0	0	0
AAB-S06R4_84	0	1	2	0	1	1	0	0
AAB-S06R5_108	0	1	3	3	1	0	0	0
AAB-S07R1_22	0	0	0	0	2	1	0	0
AAB-S07R4_177	0	1	0	0	1	0	0	0
AAB-S07R4_40	0	0	2	0	1	0	0	0
AAB-S07R5_25	0	0	0	0	1	1	0	0
AAB-S08R1_109	0	0	0	0	1	0	0	0
AAB-S08R1_127	0	0	1	0	1	0	0	0
AAB-S08R1_156	0	1	2	2	1	1	0	0
AAB-S08R1_157	0	2	0	0	1	0	0	0
AAB-S08R1_165	0	1	0	0	1	0	0	0
AAB-S08R1_171	0	0	2	1	1	1	0	0
AAB-S08R1_183	0	1	1	0	1	0	0	0
AAB-S08R1_185	0	0	1	0	1	0	0	0
AAB-S08R1_229	0	1	0	0	1	0	0	0
AAB-S08R1_257	0	0	1	2	1	3	0	0
AAB-S08R1_282	0	1	1	0	1	0	0	0
AAB-S08R1_289	0	0	1	1	1	0	0	0
AAB-S08R1_346	0	1	0	0	1	0	0	0
AAB-S08R1_376	0	0	0	0	1	0	0	0
AAB-S08R1_381	0	2	1	1	2	0	1	0
AAB-S08R1_387	0	1	1	0	1	0	0	1
AAB-S08R1_41	0	0	0	0	1	0	0	0
AAB-S08R1_63	0	0	1	0	2	0	0	0
AAB-S08R1_79	0	3	1	0	1	0	0	0
AAB-S08R4_164	0	2	2	0	1	0	0	0
AAB-S08R4_179	0	0	0	0	2	0	0	0
AAB-S08R4_19	0	0	3	2	2	1	0	0
AAB-S08R4_229	0	1	1	0	1	0	0	0
AAB-S08R4_28	0	0	2	1	1	0	0	0
AAB-S08R4_38	0	0	3	0	1	0	0	0
AAB-S08R4_49	0	2	0	0	1	0	0	0
AAB-S08R4_62	0	4	1	0	1	0	0	0
AAB-S08R5_116	0	0	0	0	1	0	0	0
AAB-S08R5_131	0	0	0	0	1	0	0	0
AAB-S08R5_141	0	1	2	0	1	0	0	0
AAB-S08R5_151	0	1	0	1	1	0	0	0
AAB-S08R5_171	0	2	1	1	1	0	0	0
AAB-S08R5_208	0	2	0	1	1	0	0	0
AAB-S08R5_216	0	0	1	0	1	0	0	0
AAB-S08R5_268	0	2	0	1	2	0	0	0
AAB-S08R5_342	0	0	1	0	1	0	0	0
AAB-S08R5_50	0	1	0	1	1	0	1	0
AAB-S08R5_62	0	3	0	1	1	2	1	0
AAB-S08R5_9	0	2	1	0	1	0	0	0
AAB-S08R5_93	0	0	0	0	1	0	0	0
AAB-S09R3_142	0	0	0	0	1	0	0	0
AAB-S10R1_118	0	0	0	0	1	0	0	0
AAB-S10R1_164	0	3	0	0	1	0	0	0
AAB-S10R1_183	0	2	0	0	1	0	0	0
AAB-S10R1_198	0	2	1	2	1	1	0	0
AAB-S10R1_203	0	0	1	1	2	1	0	0
AAB-S10R1_233	0	0	4	2	2	0	1	0
AAB-S10R1_93	0	0	1	0	1	0	0	0
AAB-S10R3_105	0	0	0	0	1	0	0	0
AAB-S10R3_135	0	1	0	1	2	0	0	0
AAB-S10R3_143	0	4	0	0	1	0	1	0
AAB-S10R3_147	0	1	1	1	1	0	0	0
AAB-S10R3_263	0	1	0	0	1	1	0	0
AAB-S10R3_268	0	0	1	1	1	0	0	0
AAB-S10R3_286	0	1	0	0	1	1	0	0
AAB-S10R3_319	0	1	0	0	1	0	0	0
AAB-S10R3_7	0	0	3	0	1	0	0	0
AAB-S10R4_7	0	2	0	1	1	0	0	0
AAB-S11R1_20	0	1	0	0	1	0	0	0
AAB-S11R1_31	0	0	0	0	1	0	0	0
AAB-S11R2_143	0	0	0	0	1	0	0	0
AAB-S11R2_94	0	0	0	0	1	0	0	0
AAB-S11R2_96	0	0	0	1	1	0	0	0
AAB-S11R3_88	0	0	0	0	1	0	0	0
AAB-S12R3_27	0	1	0	1	2	0	0	0
AAB-S13R1_122	0	2	1	0	1	0	0	0
AAB-S13R1_176	0	2	0	0	1	0	0	0
AAB-S13R1_217	0	1	0	0	1	0	0	0
AAB-S13R1_223	0	3	1	0	1	0	0	0
AAB-S13R1_226	0	2	0	0	1	0	0	1
AAB-S13R1_232	0	1	0	0	1	0	1	0
AAB-S13R1_234	0	1	0	1	1	0	0	0
AAB-S13R1_269	0	2	0	0	1	0	1	0
AAB-S13R2_107	0	1	2	0	1	0	0	0
AAB-S13R2_138	0	0	0	0	1	0	0	0
AAB-S13R2_212	0	2	2	1	1	0	1	0
AAB-S13R2_79	0	1	1	0	1	0	0	0
AAB-S13R3_228	0	2	0	0	1	0	0	0
AAB-S13R3_23	0	2	1	0	1	0	0	0
AAB-S13R3_248	0	1	0	0	1	0	1	0
AAB-S14R1_161	0	2	0	0	1	0	0	0
AAB-S14R2_12	0	0	1	1	1	0	1	0
AAB-S14R2_168	0	1	2	0	1	0	0	0
AAB-S14R2_57	0	4	1	1	1	0	1	0
AAB-S14R2_66	0	3	0	0	1	0	0	0
AAB-S14R3_150	0	1	1	0	1	0	0	0
AAB-S14R3_184	0	1	1	0	1	0	1	0
AAB-S14R3_188	0	4	1	1	1	0	1	0
AAB-S14R3_210	0	1	2	0	1	0	0	0
AAB-S14R3_62	0	0	1	0	1	0	0	0
AAB-S15R1_19	0	1	0	0	1	0	0	0
AAB-S15R3_3	0	1	1	0	1	0	0	0
AAB-S17R1_78	0	1	1	0	2	1	0	0
AAB-S17R4_52	0	1	5	1	1	0	0	0
AAB-S17R5_27	0	0	1	3	1	0	0	0
AAB-S18R2_55	0	0	0	0	1	0	0	0
AAB-S18R2_63	0	0	0	0	1	0	1	0
AAB-S19R1_151	0	0	0	0	1	0	0	0
AAB-S19R1_56	0	1	0	0	1	0	0	0
AAB-S19R1_85	0	3	0	2	1	0	0	0
AAB-S19R2_11	0	0	0	0	1	0	0	0
AAB-S19R2_131	0	1	0	0	1	0	0	0
AAB-S19R2_147	0	0	1	1	1	0	0	0
AAB-S19R2_171	0	0	1	0	1	0	0	0
AAB-S19R2_32	0	0	1	0	1	0	0	0
AAB-S19R2_55	0	0	0	1	1	0	0	0
AAB-S19R2_57	0	0	2	1	1	0	0	0
AAB-S19R2_76	0	0	0	1	1	0	0	0
AAB-S19R4_102	0	0	1	2	2	0	0	0
AAB-S19R4_209	0	2	1	0	2	0	0	0
AAB-S19R4_227	0	0	3	1	3	1	0	0
AAB-S19R4_47	0	0	1	0	1	1	0	0
AAB-S19R4_75	0	0	0	0	1	0	0	0
AAB-S20R2_107	0	1	2	0	1	0	0	0
AAB-S20R2_109	0	0	0	0	1	0	0	0
AAB-S20R4_157	0	1	0	0	1	0	0	0
AAB-S20R4_167	0	1	0	0	1	0	0	0
AAB-S20R4_22	0	1	0	1	1	0	0	0
AAB-S20R5_102	0	0	0	0	1	1	0	0
AAB-S20R5_40	0	1	2	0	1	0	0	0
AAB-S21R1_110	0	1	1	0	1	0	0	0
AAB-S21R1_148	0	1	0	1	1	0	0	0
AAB-S21R2_11	0	0	1	0	1	0	0	0
AAB-S21R2_55	0	1	0	0	1	0	0	0
AAB-S21R2_8	0	1	0	0	1	0	0	0
AAB-S21R2_80	0	0	0	0	1	0	0	0
AAB-S21R3_89	0	0	0	0	1	0	0	0
AAB-S21R4_12	0	0	1	0	1	0	0	0
AAB-S21R4_7	0	0	0	0	1	0	0	0
AAB-S21R5_46	0	0	0	0	1	0	0	0
AAB-S22R1_89	0	2	1	0	1	0	0	0
AAB-S22R1_9	0	0	0	0	1	0	0	0
AAB-S22R2_40	0	1	1	0	1	0	0	0
AAB-S22R2_48	0	0	0	3	1	0	0	0
AAB-S22R3_131	0	0	0	0	1	0	0	0
AAB-S22R3_19	0	1	0	0	1	0	0	0
AAB-S22R3_31	0	1	0	0	1	0	0	0
AAB-S22R3_42	0	0	0	0	1	0	0	0
AAB-S22R3_9	0	1	0	0	1	0	0	0
AAB-S22R5_152	0	0	2	0	1	0	0	0
AAB-S22R5_227	0	1	0	0	1	0	0	0
AAB-S22R5_289	0	1	0	1	1	0	0	0
AAB-S22R5_92	0	0	0	0	2	0	0	0
AAB-S23R2_130	0	0	0	0	1	0	0	0
AAB-S23R2_60	0	1	1	0	1	0	0	0
AAB-S23R2_82	0	2	0	7	1	0	0	0
AAB-S23R3_11	0	1	1	0	1	0	0	0
AAB-S23R3_14	0	1	0	1	1	0	0	0
AAB-S23R3_29	0	1	2	1	1	0	0	0
AAB-S23R4_147	0	0	1	0	1	0	0	0
AAB-S23R4_198	0	0	0	0	1	0	0	0
AAB-S23R4_202	0	2	0	0	1	0	0	0
AAB-S23R4_231	0	2	0	0	1	0	0	0
AAB-S23R4_52	0	2	0	0	1	0	0	0
AAB-S23R4_6	0	1	1	0	1	0	0	0
AAB-S23R4_63	0	1	1	0	1	0	0	0
AAB-S23R4_81	0	1	0	0	1	0	0	0
AAB-S23R4_93	0	1	1	1	1	0	0	0
AAB-S24R1_104	0	1	1	0	2	0	0	0
AAB-S24R1_113	0	1	1	0	1	0	0	0
AAB-S24R1_119	0	0	2	0	1	0	0	0
AAB-S24R1_151	0	2	1	0	1	1	0	0
AAB-S24R1_187	0	0	1	0	1	0	0	0
AAB-S24R1_198	0	1	2	0	1	0	0	0
AAB-S24R1_33	0	0	1	0	1	0	0	0
AAB-S24R2_187	0	1	2	0	1	1	0	0
AAB-S24R2_202	0	1	2	0	2	0	0	0
AAB-S24R2_229	0	2	0	1	1	0	0	0
AAB-S24R2_34	0	0	1	0	1	0	0	0
AAB-S24R2_72	0	0	2	0	1	0	0	0
AAB-S24R2_76	0	0	1	0	1	0	0	0
AAB-S24R3_147	0	0	0	0	1	0	0	0
AAB-S24R3_60	0	0	0	0	1	0	0	0
AAB-S24R3_84	0	1	0	0	1	0	0	0
AAB-S24R3_89	0	1	1	0	2	0	0	0
AAB-S24R4_120	0	0	0	0	1	0	0	0
AAB-S24R4_142	0	0	0	0	1	0	0	0
AAB-S24R4_58	0	3	1	0	1	0	1	0
AAB-S24R5_120	0	0	0	1	1	0	0	0
AAB-S24R5_132	0	3	0	0	1	0	0	0
AAB-S24R5_160	0	2	0	0	1	0	0	0
AAB-S24R5_166	0	2	1	1	1	0	1	0
AAB-S25R1_180	0	0	0	0	1	0	0	0
AAB-S25R1_50	0	0	0	0	1	0	0	0
AAB-S25R1_75	0	0	0	0	1	0	0	0
AAB-S25R2_15	0	0	0	0	1	0	0	0
AAB-S25R2_42	0	0	0	1	1	0	0	0
AAB-S25R2_43	0	1	1	0	1	0	0	0
AAB-S25R3_187	0	2	0	2	2	0	0	0
AAB-S25R3_189	0	1	4	0	1	0	0	0
AAB-S25R3_235	0	2	0	0	1	0	0	0
AAB-S25R3_236	0	0	2	0	1	0	0	0
AAB-S25R3_24	0	1	0	0	1	0	0	0
AAB-S25R3_33	0	2	1	0	1	0	0	0
AAB-S25R3_68	0	2	0	1	1	0	0	0
AAB-S25R3_75	0	3	1	2	1	0	0	0
AAB-S25R3_8	0	1	0	3	1	0	0	0
AAB-S25R4_119	0	1	2	2	1	0	0	1
AAB-S25R4_59	0	2	0	0	1	0	0	0
AAB-S26R1_248	0	1	0	0	1	0	0	0
AAB-S26R1_271	0	2	2	2	1	0	0	0
AAB-S26R1_280	0	2	0	0	2	0	0	0
AAB-S26R2_115	0	1	0	0	1	0	1	0
AAB-S26R2_121	0	2	0	0	1	0	0	0
AAB-S26R2_13	0	0	1	0	1	0	0	0
AAB-S26R2_192	0	2	0	1	1	0	0	0
AAB-S26R2_231	0	0	0	0	1	0	0	0
AAB-S26R2_260	0	0	1	0	1	0	0	0
AAB-S26R2_266	0	1	0	0	1	0	0	0
AAB-S26R2_281	0	1	1	0	1	0	0	0
AAB-S26R2_290	0	0	0	1	1	0	0	0
AAB-S26R2_312	0	0	1	1	1	1	0	0
AAB-S26R2_328	0	1	1	0	1	0	0	0
AAB-S26R3_188	0	1	0	1	1	0	0	0
AAB-S26R3_219	0	0	1	0	1	0	0	0
AAB-S26R3_221	0	3	2	0	1	0	0	0
AAB-S26R3_236	0	0	1	0	1	1	0	0
AAB-S26R3_258	0	1	0	0	1	0	0	0
AAB-S26R3_266	0	1	0	0	1	0	0	0
AAB-S26R3_301	0	1	0	0	2	0	0	0
AAB-S26R3_304	0	0	1	0	1	0	0	0
AAB-S26R3_337	0	1	1	1	1	0	0	0
AAB-S26R3_34	0	2	2	0	1	0	0	0
AAB-S26R3_368	0	2	0	0	1	0	0	0
AAB-S26R3_369	0	1	4	0	1	0	0	0
AAB-S26R4_10	0	0	1	0	1	0	0	0
AAB-S26R4_139	0	1	0	0	1	0	0	0
AAB-S26R4_145	0	0	0	0	2	0	0	0
AAB-S26R4_151	0	3	1	2	1	0	0	0
AAB-S26R4_184	0	0	2	2	1	0	0	0
AAB-S26R4_230	0	0	0	0	1	0	0	0
AAB-S26R4_278	0	2	0	1	1	0	0	0
AAB-S26R5_110	0	0	0	0	1	0	0	0
AAB-S26R5_112	0	0	1	0	1	0	0	0
AAB-S26R5_125	0	1	0	1	1	0	0	0
AAB-S26R5_161	0	1	2	0	1	0	0	0
AAB-S26R5_163	0	1	1	0	1	0	0	0
AAB-S26R5_17	0	0	0	1	1	0	0	0
AAB-S26R5_190	0	2	0	1	2	0	0	0
AAB-S26R5_216	0	0	0	0	1	0	0	0
AAB-S26R5_311	0	1	1	1	1	0	0	0
AAB-S26R5_341	0	0	1	0	1	0	0	0
AAB-S26R5_343	0	1	2	0	1	0	0	0
AAB-S26R5_355	0	2	0	0	2	0	0	0
AAB-S26R5_358	0	1	4	0	1	0	0	0
AAB-S26R5_41	0	2	3	0	1	0	0	0
AAB-S26R5_52	0	0	0	0	1	0	0	0
AAB-S26R5_56	0	0	0	1	1	1	0	0
AAB-S27R1_81	0	1	1	0	1	0	0	1
AAB-S27R2_187	0	0	0	1	1	0	0	0
AAB-S27R2_202	0	1	0	0	1	0	0	0
AAB-S27R4_105	0	0	2	4	1	0	0	0
AAB-S27R4_138	0	2	1	0	1	0	0	0
AAB-S27R4_233	0	1	1	0	1	0	0	0
AAB-S27R4_26	0	4	1	1	1	0	0	0
AAB-S27R4_278	0	4	1	0	1	0	1	0
AAB-S27R5_110	0	2	0	0	1	0	0	0
AAB-S27R5_113	0	1	0	0	1	0	0	0
AAB-S27R5_158	0	0	0	1	1	0	1	0
AAB-S28R1_128	0	0	1	0	1	0	0	0
AAB-S28R1_195	0	2	0	0	1	0	0	0
AAB-S28R1_209	0	1	0	0	1	0	0	0
AAB-S28R2_220	0	0	0	2	1	0	0	0
AAB-S28R2_262	0	2	0	0	1	0	0	0
AAB-S28R2_347	0	0	2	0	1	0	0	0
AAB-S28R2_356	0	2	0	1	1	0	0	0
AAB-S28R2_427	0	0	1	0	1	0	0	0
AAB-S28R2_69	0	2	1	0	1	0	0	0
AAB-S28R3_157	0	0	1	2	1	0	0	0
AAB-S28R4_114	0	0	0	1	1	0	0	0
AAB-S28R4_14	0	0	1	1	1	0	0	0
AAB-S28R4_189	0	1	0	0	1	0	0	0
AAB-S28R5_135	0	1	0	0	1	1	0	0
AAB-S28R5_54	0	0	0	0	1	0	0	0
AAB-S28R5_97	0	1	1	2	1	0	0	0
AAB-S29R1_138	0	0	1	0	1	0	0	0
AAB-S29R1_202	0	0	0	0	2	0	0	0
AAB-S29R1_5	0	1	2	2	1	0	0	0
AAB-S29R2_185	0	2	1	0	1	0	0	0
AAB-S29R3_101	0	1	1	0	1	0	0	0
AAB-S29R3_105	0	1	0	1	1	0	0	0
AAB-S29R3_16	0	0	1	0	2	0	0	0
AAB-S29R3_189	0	0	0	0	1	0	0	0
AAB-S29R3_224	0	0	1	0	1	0	0	0
AAB-S29R3_235	0	1	0	0	1	0	0	0
AAB-S29R3_246	0	1	0	0	1	0	0	0
AAB-S29R3_256	0	1	2	0	1	1	0	0
AAB-S29R3_273	0	0	0	0	1	0	0	0
AAB-S29R3_58	0	4	1	0	1	0	0	0
AAB-S29R3_67	0	2	1	1	1	0	0	0
AAB-S29R3_91	0	0	2	0	1	0	0	0
AAB-S29R4_196	0	1	1	0	1	0	0	1
AAB-S29R4_5	0	1	0	0	1	1	0	0
AAB-S29R5_227	0	1	0	0	1	0	0	0
AAB-S31R1_134	0	1	0	1	1	0	0	0
AAB-S31R1_180	0	1	0	0	1	0	0	0
AAB-S31R1_75	0	0	0	0	1	0	0	0
AAB-S31R2_91	0	0	0	0	1	0	0	0
AAB-S31R3_38	0	0	2	1	1	0	0	0
AAB-S32R2_36	0	0	1	0	1	0	0	0
AAB-S32R2_7	0	0	2	0	1	0	0	0
AAB-S33R1_19	0	1	2	2	1	1	4	0
AAB-S33R1_88	0	2	0	0	1	0	0	0
AAB-S33R2_107	0	2	0	1	1	1	0	0
AAB-S33R3_92	0	0	0	0	1	0	0	0
ANP-S42R2_106	0	0	0	1	1	0	0	0
ANP-S42R4_62	0	1	1	0	1	0	0	0
ANP-S42R5_35	0	1	0	0	1	0	0	0
ANP-S43R1_29	0	0	3	0	1	0	0	0
ANP-S43R2_112	0	0	0	0	1	0	0	0
ANP-S43R2_14	0	1	3	0	1	0	0	0
ANP-S43R3_141	0	1	2	0	1	0	0	0
ANP-S43R4_19	0	1	0	0	1	0	0	0
ANP-S43R5_156	0	2	0	0	1	0	1	0
ANP-S43R5_17	0	0	0	0	1	0	0	0
ANP-S43R5_221	0	0	1	1	1	0	0	0
DAS-S51R4_11	0	1	1	0	1	0	0	0
DAS-S52R1_1	0	1	0	1	1	0	0	0
DAS-S52R1_110	0	1	2	0	1	0	0	0
DAS-S52R1_126	0	2	1	0	1	0	0	0
DAS-S52R1_127	0	1	0	0	1	0	0	0
DAS-S52R1_133	0	1	1	1	1	0	0	0
DAS-S52R1_19	0	2	0	0	1	0	0	0
DAS-S52R1_21	0	2	0	1	2	0	0	0
DAS-S52R1_28	0	0	0	0	1	0	0	0
DAS-S52R1_63	0	1	0	0	1	0	0	0
DAS-S52R1_70	0	0	0	0	1	0	0	0
DAS-S52R1_72	0	2	1	0	1	0	0	0
DAS-S52R1_75	0	2	1	1	2	1	0	0
DAS-S52R1_80	0	3	3	0	1	0	0	0
DAS-S52R1_88	0	1	0	0	1	1	0	0
DAS-S52R1_93	0	1	1	0	1	0	0	0
DAS-S52R2_11	0	0	0	0	2	0	0	0
DAS-S52R3_125	0	2	1	0	4	0	0	0
DAS-S52R3_149	0	2	0	0	1	0	0	0
DAS-S52R3_260	0	0	0	0	1	0	0	0
DAS-S52R3_299	0	0	0	0	1	0	0	0
DAS-S52R3_302	0	2	1	0	1	0	0	0
DAS-S52R4_105	0	1	0	0	1	0	0	0
DAS-S52R5_1	0	1	0	0	1	0	0	0
DAS-S52R5_114	0	0	0	2	1	1	0	0
DAS-S52R5_130	0	0	0	0	1	0	0	0
DAS-S52R5_140	0	2	1	1	2	1	0	0
DAS-S52R5_156	0	1	1	1	1	0	0	0
DAS-S52R5_23	0	1	0	0	1	0	0	0
DAS-S52R5_27	0	2	1	0	1	0	0	0
DAS-S52R5_30	0	0	1	0	1	0	0	0
DAS-S52R5_47	0	2	0	0	1	0	0	0
DAS-S52R5_70	0	1	1	0	1	0	0	0
DAS-S52R5_75	0	1	0	1	1	0	0	0
DAS-S52R5_79	0	1	3	2	1	0	0	0
DAS-S53R1_66	0	1	1	5	1	2	1	0
DAS-S53R1_9	0	2	0	0	1	0	0	0
DAS-S53R2_72	0	3	1	0	1	0	1	0
DAS-S53R2_90	0	0	1	1	1	0	0	0
DAS-S53R3_111	0	1	1	2	1	0	0	0
DAS-S53R5_112	0	0	0	0	1	0	0	0
DAS-S53R5_179	0	2	0	0	1	0	0	0
DAS-S53R5_236	0	1	0	0	1	0	0	0
JFJ-S34R1_208	0	1	1	0	1	2	1	0
JFJ-S34R3_115	0	0	0	0	1	0	0	0
JFJ-S34R3_265	0	1	0	0	1	0	0	0
JFJ-S35R1_215	0	0	0	0	1	0	0	0
JFJ-S35R1_69	0	0	0	0	1	0	0	0
JFJ-S35R1_92	0	2	0	0	1	0	0	0
JFJ-S35R2_110	0	2	1	0	3	1	0	0
JFJ-S35R2_191	0	2	2	0	2	0	1	0
JFJ-S35R2_201	0	0	0	1	1	0	0	0
JFJ-S35R2_80	0	2	0	0	1	0	0	0
JFJ-S35R3_162	0	0	0	0	1	0	0	0
JFJ-S35R3_50	0	0	0	0	1	0	0	0
JFJ-S35R4_101	0	0	1	0	1	0	0	0
JFJ-S35R4_130	0	0	0	0	1	0	0	0
JFJ-S35R4_131	0	0	0	1	1	0	0	0
JFJ-S35R4_171	0	2	0	1	1	1	1	0
JFJ-S35R4_66	0	1	0	0	1	0	0	0
JFJ-S35R4_92	0	0	0	0	1	0	0	0
JFJ-S35R5_112	0	0	0	0	1	0	0	0
JFJ-S35R5_254	0	1	1	1	1	0	0	0
JFJ-S35R5_26	0	2	0	0	1	0	0	0
JFJ-S35R5_43	0	0	0	0	1	0	0	0
JFJ-S35R5_78	0	0	2	0	1	0	1	0
JFJ-S36R1_142	0	1	1	0	1	0	0	0
JFJ-S36R1_233	0	0	0	0	1	0	0	0
JFJ-S36R1_32	0	1	1	1	1	0	1	0
JFJ-S36R1_58	0	0	1	1	1	0	0	0
JFJ-S36R2_116	0	0	0	0	1	0	0	0
JFJ-S36R2_33	0	0	0	1	1	0	0	0
JFJ-S36R2_52	0	0	0	0	2	0	0	0
JFJ-S36R3_164	0	0	0	1	1	0	0	0
JFJ-S36R3_17	0	0	0	0	1	0	0	0
JFJ-S36R3_220	0	1	1	0	2	0	0	0
JFJ-S36R3_84	0	1	0	0	2	1	0	0
JFJ-S36R4_149	0	0	0	0	1	0	0	0
JFJ-S36R4_88	0	1	1	0	2	0	0	0
JFJ-S36R5_134	0	0	2	0	1	0	0	0
JFJ-S36R5_39	0	0	0	0	1	0	0	0
JFJ-S37R5_74	0	1	0	1	1	0	0	0
JFJ-S38R3_139	0	0	1	0	1	0	0	0
JFJ-S38R4_142	0	1	2	0	1	1	0	0
JFJ-S38R4_143	0	0	0	1	1	0	0	0
JFJ-S38R4_171	0	0	1	0	1	1	0	0
JFJ-S38R4_182	0	0	0	0	1	0	0	0
JFJ-S38R4_210	0	1	0	0	2	0	1	0
JFJ-S38R4_29	0	1	0	0	1	0	0	0
JFJ-S38R4_79	0	0	0	0	1	0	0	0
JFJ-S38R5_86	0	0	0	0	1	0	0	0
KKK-S54R1_180	0	1	1	1	1	0	0	0
KKK-S54R1_8	0	3	1	0	3	1	0	0
KKK-S55R1_51	0	0	0	0	1	0	0	0
KKK-S55R1_66	0	2	0	0	1	0	0	0
KKK-S55R1_87	0	0	0	0	1	0	0	0
KKK-S55R2_97	0	0	2	3	1	0	0	0
KKK-S55R3_222	0	0	0	0	1	0	0	0
KKK-S55R3_36	0	0	0	0	1	0	0	0
KKK-S56R1_126	0	1	0	0	1	0	0	0
KKK-S56R1_146	0	0	0	0	1	0	0	0
KKK-S56R2_127	0	0	0	0	1	0	0	0
KKK-S56R2_13	0	0	0	0	1	0	0	0
KKK-S56R2_195	0	0	0	0	1	0	0	0
KKK-S56R2_96	0	1	1	1	1	0	0	0
KKK-S56R3_25	0	1	0	2	1	0	0	0
KKK-S56R3_68	0	1	3	0	1	0	0	0
KKK-S58R2_107	0	1	0	0	3	0	0	0
KKK-S58R2_55	0	0	0	0	1	0	1	0
KKK-S59R2_1	0	0	0	0	1	0	0	0
KKK-S60R1_3	0	0	0	1	2	0	0	0
KKK-S61R3_122	0	0	0	0	2	0	1	0
KKK-S61R3_5	0	0	0	0	1	0	0	0
KKK-S61R3_68	0	0	0	0	1	0	2	0
LAL-S44R1_160	0	3	0	0	2	0	0	0
LAL-S44R1_84	0	2	0	2	1	0	0	0
LAL-S44R1_98	0	1	3	0	1	0	0	0
LAL-S44R2_6	0	1	1	1	1	0	0	0
LAL-S44R2_74	0	0	2	0	1	0	0	0
LAL-S44R3_29	0	0	0	0	1	0	0	0
LAL-S44R3_52	0	0	0	0	1	0	0	0
LAL-S44R4_43	0	1	0	1	1	0	0	0
LAL-S44R5_138	0	1	1	0	1	0	0	0
LAL-S45R1_132	0	1	1	0	1	0	0	0
LAL-S45R1_32	0	1	0	1	1	0	0	0
LAL-S45R1_60	0	1	1	0	2	0	0	0
NKL-S46R1_114	0	0	1	0	1	0	0	0
NKL-S46R1_168	0	0	0	0	1	0	0	0
NKL-S46R2_105	0	0	2	1	1	1	0	0
NKL-S46R3_154	0	2	0	1	2	1	0	0
NKL-S47R1_35	0	0	1	0	1	1	0	0
NKL-S47R3_135	0	2	0	0	1	0	0	0
NKL-S47R3_14	0	1	3	0	1	0	0	0
NKL-S47R3_78	0	0	0	0	1	0	0	0
PGN-S62R1_115	0	0	1	0	1	0	0	0
PLA-S39R1_111	0	1	0	0	1	0	0	0
PLA-S39R1_127	0	1	0	2	1	0	0	0
PLA-S39R1_54	0	1	1	0	1	1	0	0
PLA-S39R2_100	0	2	0	2	2	2	0	0
PLA-S39R2_114	0	1	1	2	1	0	0	0
PLA-S39R2_118	0	0	0	0	1	0	0	0
PLA-S39R2_81	0	1	1	0	1	0	0	0
PLA-S39R2_85	0	1	0	2	1	0	0	0
PLA-S39R2_90	0	4	0	1	2	0	0	0
PLA-S39R3_61	0	0	0	0	1	0	0	0
PLA-S39R5_11	0	1	1	1	1	0	0	0
PLA-S39R5_111	0	0	0	0	1	0	0	0
PLA-S39R5_12	0	0	2	1	1	0	0	0
PLA-S39R5_120	0	1	1	0	1	0	0	0
PLA-S39R5_132	0	0	2	1	1	0	0	0
PLA-S39R5_18	0	2	0	0	1	0	0	0
PLA-S39R5_54	0	0	2	0	1	0	0	0
PLA-S39R5_62	0	1	3	0	1	0	0	0
PLA-S40R1_27	0	1	0	1	1	0	0	0
PLA-S40R1_28	0	1	1	0	1	0	0	0
PLA-S40R3_8	0	1	0	1	1	0	0	0
PLA-S40R3_97	0	1	1	0	1	0	0	0
PLA-S40R4_50	0	1	0	0	2	0	0	0
PLA-S40R4_6	0	0	1	1	1	0	0	0
PLA-S40R4_80	0	0	1	0	1	0	0	0
TUW-S63R1_19	0	0	3	0	1	0	0	0
TUW-S63R1_43	0	0	0	1	1	0	0	0
TUW-S63R2_118	0	0	0	0	1	0	0	0
TUW-S63R2_123	0	1	0	1	1	0	0	0
TUW-S63R2_142	0	0	3	0	1	0	0	0
TUW-S63R2_79	0	1	2	0	1	0	0	0
TUW-S63R3_101	0	0	0	1	1	0	0	0
TUW-S63R3_104	0	1	0	0	2	0	0	0
TUW-S63R3_126	0	1	1	0	1	0	0	0
TUW-S63R3_29	0	1	0	1	1	0	0	0
TUW-S63R3_49	0	1	0	1	1	0	0	0
TUW-S63R3_54	0	1	0	0	1	0	0	0
TUW-S63R3_61	0	0	0	0	1	1	0	0
TUW-S63R4_3	0	1	1	2	2	0	1	0
TUW-S63R4_56	0	1	0	1	1	0	0	0
TUW-S63R5_19	0	1	0	1	1	0	0	0
TUW-S63R5_45	0	0	0	1	1	1	0	0
TUW-S64R1_106	0	1	0	0	1	0	0	0
TUW-S64R3_39	0	0	3	0	1	0	0	0
TUW-S64R3_70	0	0	0	0	1	0	0	0
TUW-S64R4_182	0	0	1	0	1	0	0	0
TUW-S64R5_110	0	0	0	1	1	0	0	0
TUW-S65R3_137	0	0	0	0	1	0	0	0
TUW-S65R3_172	0	1	0	0	1	0	0	0
TUW-S65R3_58	0	1	0	0	1	0	0	0
TUW-S65R4_128	0	1	1	1	1	0	0	0
TUW-S65R4_140	0	0	3	0	1	1	0	0
TUW-S65R4_184	0	1	0	0	1	0	0	0
VJW-S48R1_14	0	0	0	0	1	0	0	0
VJW-S48R1_59	0	2	3	1	1	0	0	0
VJW-S48R1_76	0	0	1	0	1	0	0	0
VJW-S48R1_93	0	0	0	1	1	0	0	0
VJW-S48R3_141	0	1	1	0	1	1	0	0
VJW-S48R3_43	0	0	0	0	1	0	0	0
VJW-S48R4_128	0	0	0	0	1	1	0	0
VJW-S48R4_189	0	0	0	1	1	0	0	0
VJW-S48R4_192	0	0	0	0	1	0	0	0
VJW-S48R5_120	0	0	0	0	1	1	0	0
VJW-S48R5_13	0	1	0	0	1	0	0	0
VJW-S48R5_174	0	0	0	1	1	0	0	0
VJW-S48R5_177	0	0	0	1	1	0	0	0
VJW-S48R5_29	0	2	3	1	1	0	1	0
VJW-S48R5_30	0	1	0	0	1	0	0	0
VJW-S48R5_43	0	2	0	1	1	1	0	0
VJW-S48R5_76	0	0	0	0	1	0	0	0
VJW-S48R5_82	0	0	1	0	1	0	0	0
VJW-S49R1_45	0	0	1	1	1	0	0	0
VJW-S49R1_6	0	0	0	0	1	0	0	0
VJW-S49R1_70	0	1	1	0	1	0	0	0
VJW-S49R2_55	0	1	0	0	1	0	0	0
VJW-S50R1_104	0	1	0	4	1	0	0	0
VJW-S50R1_108	0	0	0	1	1	0	0	0
VJW-S50R1_63	0	1	0	0	1	0	1	0
VJW-S50R2_118	0	0	0	0	1	0	0	0
VJW-S50R2_90	0	1	0	0	1	0	0	0
VJW-S50R3_66	0	1	2	3	1	0	0	0
AAB-S01R1_48	0	0	1	0	0	0	0	0
AAB-S01R2_84	0	1	2	0	0	0	0	0
AAB-S01R4_12	0	0	1	0	0	0	0	0
AAB-S01R4_171	0	1	1	0	0	0	0	0
AAB-S01R4_233	0	0	1	0	0	0	0	0
AAB-S01R4_269	0	2	1	0	0	0	1	0
AAB-S01R4_277	0	0	3	0	0	0	0	0
AAB-S01R5_150	0	1	1	0	0	0	0	0
AAB-S01R5_154	0	1	1	0	0	0	0	0
AAB-S01R5_164	0	1	1	0	0	0	0	0
AAB-S01R5_206	0	1	1	0	0	1	0	0
AAB-S02R2_107	0	0	1	0	0	0	0	0
AAB-S02R2_133	0	0	1	1	0	0	0	0
AAB-S02R2_28	0	1	1	0	0	0	0	0
AAB-S02R2_38	0	0	1	1	0	1	0	0
AAB-S02R2_54	0	0	1	2	0	0	0	0
AAB-S02R2_65	0	0	1	0	0	0	0	0
AAB-S02R2_81	0	2	1	0	0	0	0	0
AAB-S02R3_128	0	3	2	1	0	0	0	0
AAB-S02R3_176	0	0	2	0	0	0	0	0
AAB-S02R3_188	0	3	1	2	0	0	0	0
AAB-S02R3_73	0	0	2	0	0	1	0	0
AAB-S02R4_142	0	0	1	1	0	1	0	0
AAB-S02R4_152	0	0	2	1	0	0	0	0
AAB-S02R4_175	0	0	1	1	0	0	0	0
AAB-S02R4_176	0	0	1	2	0	1	0	0
AAB-S02R5_145	0	2	1	0	0	0	0	0
AAB-S03R1_145	0	0	1	0	0	0	0	0
AAB-S03R1_195	0	1	1	0	0	0	0	0
AAB-S03R2_78	0	0	1	0	0	0	0	0
AAB-S03R2_86	0	1	1	0	0	0	0	0
AAB-S03R3_111	0	0	1	3	0	1	0	0
AAB-S03R3_150	0	0	1	0	0	0	0	0
AAB-S03R3_187	0	1	1	0	0	0	0	0
AAB-S03R3_213	0	1	1	0	0	0	0	0
AAB-S03R3_229	0	0	1	0	0	0	0	0
AAB-S03R3_236	0	0	2	2	0	0	0	0
AAB-S03R3_247	0	0	1	0	0	0	0	0
AAB-S03R3_252	0	0	1	0	0	0	0	0
AAB-S03R3_253	0	0	1	0	0	0	0	0
AAB-S03R3_267	0	0	1	0	0	0	0	0
AAB-S03R3_27	0	0	2	3	0	0	0	0
AAB-S03R3_30	0	0	1	0	0	0	0	0
AAB-S03R3_310	0	0	2	0	0	0	0	0
AAB-S03R3_55	0	1	1	0	0	0	0	0
AAB-S03R3_94	0	3	1	0	0	0	1	0
AAB-S03R4_165	0	3	1	0	0	0	1	0
AAB-S03R4_17	0	0	3	0	0	0	0	0
AAB-S03R4_170	0	0	1	1	0	0	0	0
AAB-S03R4_190	0	0	2	0	0	0	0	0
AAB-S04R1_12	0	0	2	0	0	0	0	0
AAB-S04R1_155	0	1	1	0	0	0	0	0
AAB-S04R1_189	0	2	1	0	0	0	0	0
AAB-S04R1_21	0	0	1	0	0	0	0	0
AAB-S04R1_256	0	0	1	1	0	0	0	0
AAB-S04R1_38	0	0	1	0	0	0	0	0
AAB-S04R2_3	0	0	1	1	0	0	0	0
AAB-S04R3_143	0	0	1	0	0	0	0	0
AAB-S04R3_151	0	2	1	1	0	0	0	0
AAB-S04R3_207	0	1	1	1	0	0	0	0
AAB-S04R3_283	0	2	1	1	0	0	0	0
AAB-S04R3_329	0	1	1	0	0	0	0	0
AAB-S04R3_46	0	0	1	1	0	0	0	0
AAB-S04R3_61	0	1	1	0	0	0	0	0
AAB-S04R3_65	0	0	1	0	0	0	0	0
AAB-S04R3_97	0	1	1	0	0	0	3	0
AAB-S04R4_121	0	0	2	1	0	0	0	0
AAB-S04R4_132	0	0	1	1	0	0	0	0
AAB-S04R4_149	0	0	1	0	0	0	0	0
AAB-S04R4_16	0	2	2	0	0	0	0	0
AAB-S04R4_164	0	3	1	0	0	0	0	0
AAB-S04R4_19	0	1	1	0	0	0	0	0
AAB-S04R4_233	0	2	1	0	0	0	0	0
AAB-S04R4_248	0	1	1	0	0	0	0	0
AAB-S04R4_252	0	1	1	0	0	0	0	0
AAB-S04R4_258	0	1	2	0	0	0	0	0
AAB-S04R4_276	0	0	1	0	0	0	0	0
AAB-S04R4_34	0	3	1	2	0	1	0	0
AAB-S04R4_73	0	0	1	1	0	0	0	0
AAB-S04R4_80	0	2	1	0	0	0	0	0
AAB-S04R5_32	0	0	1	0	0	0	0	0
AAB-S05R1_122	0	0	1	0	0	0	0	0
AAB-S05R1_145	0	0	1	1	0	0	0	0
AAB-S05R1_181	0	0	2	1	0	0	0	0
AAB-S05R1_223	0	2	1	3	0	0	0	0
AAB-S05R1_232	0	0	1	1	0	0	0	0
AAB-S05R1_237	0	1	2	1	0	0	0	0
AAB-S05R1_354	0	0	3	1	0	0	1	0
AAB-S05R1_401	0	2	2	0	0	0	0	0
AAB-S05R1_403	0	1	1	0	0	0	0	0
AAB-S05R4_83	0	0	1	0	0	0	0	0
AAB-S06R2_111	0	0	1	0	0	0	0	0
AAB-S06R2_167	0	0	2	0	0	0	0	0
AAB-S06R2_47	0	2	1	0	0	0	0	0
AAB-S06R3_24	0	0	1	0	0	0	0	0
AAB-S06R3_47	0	0	1	0	0	0	0	0
AAB-S06R4_127	0	0	1	0	0	0	0	0
AAB-S06R4_207	0	0	1	0	0	0	0	0
AAB-S06R4_271	0	2	2	1	0	1	0	0
AAB-S06R4_318	0	2	3	0	0	0	0	0
AAB-S06R4_56	0	2	2	1	0	0	0	0
AAB-S07R3_40	0	1	1	0	0	0	0	0
AAB-S07R3_48	0	0	3	0	0	0	0	0
AAB-S07R4_107	0	0	1	0	0	0	0	0
AAB-S07R4_114	0	0	1	0	0	0	0	0
AAB-S07R4_124	0	0	1	0	0	0	0	0
AAB-S07R4_146	0	0	1	1	0	0	0	0
AAB-S07R4_53	0	3	1	0	0	0	0	0
AAB-S08R1_104	0	0	2	0	0	0	0	0
AAB-S08R1_180	0	2	1	1	0	0	0	0
AAB-S08R1_212	0	0	3	2	0	0	0	0
AAB-S08R1_359	0	0	3	0	0	0	0	0
AAB-S08R1_375	0	1	1	2	0	0	0	0
AAB-S08R1_383	0	1	1	0	0	0	0	0
AAB-S08R1_91	0	1	1	1	0	0	0	0
AAB-S08R4_126	0	2	4	0	0	0	0	0
AAB-S08R4_2	0	3	1	0	0	0	0	0
AAB-S08R4_213	0	0	1	0	0	0	0	0
AAB-S08R4_220	0	1	1	0	0	0	0	0
AAB-S08R4_223	0	2	1	0	0	0	0	0
AAB-S08R4_252	0	0	1	0	0	0	0	0
AAB-S08R5_113	0	0	2	0	0	0	0	0
AAB-S08R5_134	0	2	1	3	0	0	0	0
AAB-S08R5_238	0	0	1	0	0	0	0	0
AAB-S08R5_24	0	0	3	1	0	0	0	0
AAB-S08R5_246	0	1	1	0	0	0	0	0
AAB-S08R5_276	0	0	1	0	0	0	0	0
AAB-S08R5_280	0	1	1	0	0	0	0	0
AAB-S08R5_299	0	0	1	2	0	0	0	0
AAB-S08R5_32	0	0	1	1	0	0	0	0
AAB-S08R5_37	0	1	2	0	0	1	0	0
AAB-S08R5_5	0	1	1	0	0	0	0	0
AAB-S09R5_11	0	0	2	3	0	0	0	0
AAB-S10R1_155	0	1	1	0	0	0	0	0
AAB-S10R1_199	0	0	1	0	0	0	0	0
AAB-S10R1_226	0	3	1	1	0	0	0	0
AAB-S10R1_29	0	0	1	0	0	0	0	0
AAB-S10R1_56	0	3	2	4	0	0	0	0
AAB-S10R1_68	0	0	1	0	0	0	0	0
AAB-S10R1_84	0	0	1	0	0	0	0	0
AAB-S10R3_178	0	2	1	0	0	0	0	0
AAB-S10R3_191	0	0	2	1	0	0	1	0
AAB-S10R3_310	0	0	2	0	0	0	0	0
AAB-S10R3_36	0	3	1	0	0	0	0	0
AAB-S10R4_5	0	0	1	0	0	0	0	0
AAB-S11R2_126	0	0	1	0	0	0	0	0
AAB-S11R3_12	0	0	1	0	0	0	0	0
AAB-S12R2_37	0	2	1	1	0	0	0	0
AAB-S13R1_159	0	3	1	2	0	0	0	0
AAB-S13R1_162	0	4	1	0	0	1	0	0
AAB-S13R1_172	0	2	1	0	0	0	0	0
AAB-S13R1_244	0	0	1	1	0	0	0	0
AAB-S13R1_51	0	2	2	0	0	0	1	0
AAB-S13R2_173	0	1	3	0	0	1	0	0
AAB-S13R2_203	0	1	1	0	0	0	0	0
AAB-S13R2_204	0	0	2	0	0	0	0	0
AAB-S13R3_146	0	1	1	0	0	0	0	0
AAB-S13R3_158	0	2	1	1	0	0	0	0
AAB-S13R3_161	0	1	2	3	0	0	0	0
AAB-S13R3_178	0	1	3	2	0	0	0	0
AAB-S13R3_192	0	1	2	0	0	0	0	0
AAB-S13R3_30	0	0	2	0	0	0	0	0
AAB-S13R3_85	0	2	3	3	0	1	0	0
AAB-S13R3_92	0	0	1	0	0	0	0	0
AAB-S14R2_103	0	0	1	0	0	0	0	0
AAB-S14R2_116	0	1	1	0	0	1	0	0
AAB-S14R2_67	0	0	2	1	0	0	0	0
AAB-S14R3_212	0	0	1	0	0	0	0	0
AAB-S14R3_59	0	0	1	1	0	0	0	0
AAB-S14R3_86	0	2	1	0	0	0	0	0
AAB-S15R1_105	0	0	1	0	0	0	0	0
AAB-S15R3_169	0	0	1	0	0	0	0	0
AAB-S15R3_29	0	5	2	1	0	0	0	0
AAB-S17R1_77	0	0	2	0	0	0	0	0
AAB-S17R2_10	0	1	2	0	0	0	0	0
AAB-S18R2_50	0	0	1	0	0	0	0	0
AAB-S19R1_147	0	0	1	0	0	0	0	0
AAB-S19R1_168	0	0	1	0	0	0	0	0
AAB-S19R1_36	0	1	2	0	0	0	0	0
AAB-S19R1_64	0	0	2	0	0	0	0	0
AAB-S19R1_68	0	0	1	0	0	0	0	0
AAB-S19R2_150	0	2	1	0	0	0	0	0
AAB-S19R2_182	0	0	1	0	0	0	0	0
AAB-S19R2_78	0	0	2	0	0	0	0	0
AAB-S19R2_91	0	0	2	0	0	0	0	0
AAB-S19R4_199	0	1	1	0	0	0	0	0
AAB-S19R4_81	0	0	2	1	0	0	0	0
AAB-S20R4_136	0	0	1	1	0	0	0	0
AAB-S20R4_18	0	1	1	0	0	0	0	0
AAB-S20R4_195	0	1	1	1	0	0	0	0
AAB-S20R4_20	0	0	1	0	0	0	0	0
AAB-S21R1_69	0	0	1	0	0	0	0	0
AAB-S21R3_112	0	1	1	0	0	0	0	0
AAB-S21R3_72	0	1	1	0	0	0	0	0
AAB-S21R4_18	0	0	1	0	0	1	0	0
AAB-S21R5_29	0	0	1	0	0	0	0	0
AAB-S22R2_54	0	0	2	0	0	0	0	0
AAB-S22R3_22	0	1	1	0	0	0	0	0
AAB-S22R5_267	0	0	1	0	0	0	0	0
AAB-S22R5_85	0	0	1	0	0	0	0	0
AAB-S23R3_15	0	1	2	1	0	0	0	0
AAB-S23R4_108	0	2	1	0	0	0	0	0
AAB-S23R4_112	0	0	1	0	0	0	0	0
AAB-S23R4_21	0	0	2	0	0	0	0	0
AAB-S23R4_221	0	1	1	1	0	0	0	0
AAB-S23R4_230	0	0	1	0	0	0	0	0
AAB-S23R4_236	0	0	1	1	0	0	0	0
AAB-S23R4_238	0	1	1	0	0	0	0	0
AAB-S23R4_27	0	3	1	0	0	0	0	0
AAB-S23R4_28	0	0	1	0	0	0	0	0
AAB-S24R1_136	0	0	1	1	0	0	0	0
AAB-S24R1_206	0	0	1	0	0	0	0	0
AAB-S24R1_22	0	0	1	0	0	0	0	0
AAB-S24R1_241	0	0	1	1	0	1	0	0
AAB-S24R1_75	0	0	1	0	0	0	0	0
AAB-S24R2_160	0	0	1	0	0	0	0	0
AAB-S24R2_195	0	1	1	0	0	0	0	0
AAB-S24R2_44	0	0	1	0	0	0	0	0
AAB-S24R3_116	0	0	1	0	0	0	0	0
AAB-S24R3_143	0	0	1	0	0	1	0	0
AAB-S24R3_148	0	1	2	1	0	0	0	0
AAB-S24R3_168	0	2	1	0	0	0	0	0
AAB-S24R4_18	0	0	1	0	0	0	0	0
AAB-S24R5_50	0	0	1	0	0	0	0	0
AAB-S25R2_19	0	0	1	0	0	0	0	0
AAB-S25R2_62	0	1	1	1	0	0	0	0
AAB-S25R2_64	0	2	1	1	0	0	0	0
AAB-S25R3_101	0	1	3	1	0	0	0	0
AAB-S25R3_153	0	0	1	0	0	0	0	0
AAB-S25R3_190	0	0	2	2	0	0	1	1
AAB-S25R3_217	0	2	1	0	0	0	0	0
AAB-S25R3_244	0	1	2	0	0	1	0	0
AAB-S25R3_258	0	1	1	0	0	0	0	0
AAB-S25R3_267	0	2	2	2	0	0	0	0
AAB-S25R3_5	0	0	1	0	0	0	0	0
AAB-S26R1_109	0	1	3	0	0	0	0	0
AAB-S26R1_193	0	0	1	1	0	0	0	0
AAB-S26R1_60	0	0	2	0	0	0	0	0
AAB-S26R2_126	0	2	1	0	0	0	0	0
AAB-S26R2_141	0	1	3	1	0	0	0	0
AAB-S26R2_168	0	0	1	0	0	0	0	0
AAB-S26R2_205	0	1	2	0	0	0	0	0
AAB-S26R2_285	0	0	1	0	0	0	0	0
AAB-S26R2_296	0	0	1	0	0	0	0	0
AAB-S26R2_314	0	1	1	1	0	0	1	0
AAB-S26R2_32	0	1	1	0	0	0	0	0
AAB-S26R2_93	0	1	1	0	0	0	0	0
AAB-S26R2_94	0	1	1	0	0	0	0	0
AAB-S26R3_102	0	0	1	1	0	0	0	0
AAB-S26R3_142	0	0	5	0	0	0	0	0
AAB-S26R3_193	0	2	1	1	0	0	0	0
AAB-S26R3_310	0	2	2	1	0	0	0	0
AAB-S26R3_317	0	0	1	2	0	0	0	1
AAB-S26R3_336	0	0	1	1	0	0	0	0
AAB-S26R3_364	0	1	4	1	0	0	0	0
AAB-S26R3_86	0	1	1	0	0	0	0	0
AAB-S26R3_95	0	0	1	0	0	0	0	0
AAB-S26R4_133	0	0	1	0	0	0	0	0
AAB-S26R4_147	0	2	1	0	0	0	0	0
AAB-S26R4_149	0	0	1	0	0	0	0	0
AAB-S26R4_163	0	0	1	1	0	0	0	0
AAB-S26R4_176	0	3	1	1	0	0	0	0
AAB-S26R4_19	0	1	3	0	0	0	0	0
AAB-S26R5_109	0	2	1	1	0	0	0	0
AAB-S26R5_168	0	1	1	1	0	0	0	0
AAB-S26R5_21	0	1	3	0	0	2	0	0
AAB-S26R5_316	0	0	2	0	0	0	0	0
AAB-S26R5_344	0	0	2	0	0	0	0	0
AAB-S26R5_349	0	0	1	0	0	0	0	0
AAB-S26R5_60	0	0	3	0	0	0	0	0
AAB-S26R5_99	0	3	2	1	0	0	0	0
AAB-S27R1_159	0	1	1	0	0	0	0	0
AAB-S27R1_34	0	2	1	0	0	0	0	0
AAB-S27R1_91	0	0	1	1	0	0	0	0
AAB-S27R2_150	0	0	1	0	0	0	0	0
AAB-S27R2_237	0	1	1	0	0	0	0	0
AAB-S27R2_258	0	2	1	0	0	0	0	0
AAB-S27R2_266	0	2	1	1	0	0	0	0
AAB-S27R4_118	0	0	1	2	0	0	0	0
AAB-S27R4_144	0	2	2	0	0	0	0	0
AAB-S27R4_237	0	1	1	0	0	0	0	0
AAB-S27R4_25	0	4	1	2	0	1	3	0
AAB-S27R4_279	0	1	2	0	0	1	0	0
AAB-S27R4_320	0	2	2	0	0	0	0	0
AAB-S27R4_52	0	0	2	0	0	1	0	0
AAB-S28R2_1	0	0	1	1	0	0	0	0
AAB-S28R2_141	0	0	1	0	0	0	0	0
AAB-S28R2_243	0	1	1	0	0	0	0	0
AAB-S28R2_332	0	0	1	0	0	0	0	0
AAB-S28R2_383	0	0	2	0	0	0	0	0
AAB-S28R2_52	0	0	2	1	0	0	0	0
AAB-S28R3_101	0	0	1	0	0	0	0	0
AAB-S28R3_128	0	0	1	1	0	0	0	0
AAB-S28R3_71	0	1	1	0	0	0	1	0
AAB-S28R4_136	0	1	1	0	0	0	1	0
AAB-S28R4_138	0	0	2	1	0	0	0	0
AAB-S28R4_58	0	2	1	1	0	0	0	0
AAB-S28R4_82	0	0	1	0	0	0	0	0
AAB-S28R5_102	0	1	1	0	0	0	0	0
AAB-S29R1_18	0	1	1	0	0	1	2	0
AAB-S29R1_200	0	0	2	1	0	0	0	0
AAB-S29R1_223	0	1	1	2	0	0	0	0
AAB-S29R2_120	0	0	2	1	0	0	0	0
AAB-S29R3_187	0	0	1	0	0	0	0	0
AAB-S29R3_209	0	1	1	0	0	1	0	0
AAB-S29R3_33	0	1	2	0	0	1	0	0
AAB-S29R3_47	0	4	2	0	0	1	1	0
AAB-S29R4_113	0	0	2	0	0	0	0	0
AAB-S29R4_244	0	1	1	1	0	0	0	0
AAB-S29R4_25	0	0	1	0	0	0	0	0
AAB-S29R4_48	0	0	2	1	0	0	0	0
AAB-S31R1_27	0	0	1	0	0	0	0	0
AAB-S31R2_162	0	1	1	0	0	2	2	0
AAB-S31R2_64	0	1	2	0	0	0	0	0
AAB-S31R3_52	0	0	2	0	0	0	0	0
AAB-S32R2_31	0	2	2	1	0	0	0	0
AAB-S33R1_121	0	1	2	0	0	0	0	0
AAB-S33R1_139	0	1	1	0	0	0	0	0
AAB-S33R2_50	0	0	1	0	0	0	0	0
AAB-S33R3_127	0	0	1	0	0	0	0	0
AAB-S33R3_89	0	0	1	1	0	0	0	0
ANP-S42R2_11	0	0	2	0	0	0	0	0
ANP-S42R2_160	0	1	1	0	0	0	0	0
ANP-S42R2_67	0	2	1	1	0	0	0	0
ANP-S42R2_87	0	0	1	0	0	0	0	0
ANP-S42R4_107	0	0	1	0	0	0	0	0
ANP-S42R4_203	0	0	1	0	0	0	0	0
ANP-S42R4_233	0	0	3	2	0	0	0	0
ANP-S42R4_98	0	2	1	0	0	0	0	0
ANP-S43R1_1	0	0	2	1	0	0	0	0
ANP-S43R1_67	0	1	5	1	0	0	0	0
ANP-S43R2_141	0	0	1	0	0	0	0	0
ANP-S43R2_23	0	1	1	0	0	0	0	0
ANP-S43R2_45	0	0	2	0	0	0	0	0
ANP-S43R5_103	0	0	1	0	0	0	0	0
ANP-S43R5_151	0	0	1	0	0	0	0	0
DAS-S51R4_155	0	1	2	1	0	0	0	0
DAS-S51R4_93	0	2	1	0	0	0	0	0
DAS-S51R4_99	0	0	1	0	0	0	0	0
DAS-S51R5_129	0	3	1	1	0	0	0	0
DAS-S51R5_28	0	1	1	0	0	0	0	0
DAS-S52R1_10	0	2	2	2	0	0	0	0
DAS-S52R1_41	0	0	1	0	0	1	0	0
DAS-S52R1_81	0	0	2	0	0	0	0	0
DAS-S52R3_109	0	1	2	0	0	0	0	0
DAS-S52R3_156	0	0	1	1	0	0	0	0
DAS-S52R3_166	0	0	1	0	0	0	0	0
DAS-S52R3_243	0	0	1	0	0	0	0	0
DAS-S52R3_269	0	3	2	0	0	0	0	0
DAS-S52R3_62	0	0	1	0	0	0	0	0
DAS-S52R4_31	0	0	1	0	0	0	0	0
DAS-S52R4_90	0	0	1	1	0	0	0	0
DAS-S52R5_4	0	0	1	0	0	0	0	0
DAS-S52R5_69	0	0	1	0	0	0	0	0
DAS-S53R2_67	0	0	1	1	0	0	0	0
DAS-S53R5_147	0	0	1	0	0	0	0	0
JFJ-S34R1_16	0	2	1	0	0	0	1	0
JFJ-S34R1_194	0	0	1	0	0	0	0	0
JFJ-S34R3_119	0	1	1	1	0	0	0	0
JFJ-S34R3_14	0	0	1	0	0	0	0	0
JFJ-S34R3_157	0	0	1	0	0	0	0	0
JFJ-S34R3_31	0	0	1	0	0	0	0	0
JFJ-S34R3_64	0	0	1	0	0	0	0	0
JFJ-S34R4_215	0	0	1	0	0	0	0	0
JFJ-S35R2_13	0	0	1	0	0	0	0	0
JFJ-S35R2_132	0	1	1	1	0	0	0	0
JFJ-S35R2_138	0	0	1	0	0	0	0	0
JFJ-S35R2_40	0	0	1	0	0	0	0	0
JFJ-S35R2_72	0	1	1	1	0	0	0	0
JFJ-S35R4_127	0	0	1	0	0	0	0	0
JFJ-S36R1_102	0	1	1	0	0	0	0	0
JFJ-S36R1_164	0	0	1	0	0	0	0	0
JFJ-S36R1_209	0	0	1	0	0	0	0	0
JFJ-S36R1_215	0	0	1	0	0	0	0	0
JFJ-S36R3_123	0	0	1	0	0	0	1	0
JFJ-S36R3_187	0	0	1	0	0	0	0	0
JFJ-S36R3_212	0	2	1	1	0	0	0	0
JFJ-S36R3_89	0	3	1	0	0	0	0	0
JFJ-S36R4_105	0	0	1	0	0	0	0	0
JFJ-S36R4_96	0	0	1	0	0	0	0	0
JFJ-S36R5_205	0	0	1	1	0	0	0	0
JFJ-S37R1_124	0	0	1	1	0	0	0	0
JFJ-S37R1_15	0	2	1	1	0	0	0	0
JFJ-S37R1_163	0	0	1	0	0	1	0	0
JFJ-S37R5_77	0	0	1	1	0	0	0	0
JFJ-S38R2_158	0	1	1	0	0	0	0	0
JFJ-S38R5_159	0	0	2	0	0	0	0	0
JFJ-S38R5_161	0	0	1	0	0	0	0	0
KKK-S54R1_142	0	0	1	0	0	0	0	0
KKK-S54R3_49	0	1	2	1	0	0	0	0
KKK-S55R1_69	0	0	1	0	0	0	0	0
KKK-S55R1_73	0	0	1	0	0	0	0	0
KKK-S55R2_215	0	1	2	0	0	1	0	0
KKK-S55R2_47	0	0	2	0	0	0	0	0
KKK-S55R3_145	0	2	1	0	0	0	0	0
KKK-S55R3_188	0	0	1	0	0	0	0	0
KKK-S56R1_120	0	0	1	0	0	0	0	0
KKK-S56R2_15	0	0	1	0	0	0	0	0
KKK-S56R2_200	0	1	1	0	0	0	0	0
KKK-S56R2_240	0	0	1	0	0	0	0	0
KKK-S56R3_65	0	0	1	0	0	1	0	0
KKK-S57R1_131	0	0	1	0	0	0	0	0
KKK-S57R1_33	0	0	1	1	0	0	0	0
KKK-S58R3_10	0	1	1	2	0	0	0	0
KKK-S58R3_25	0	0	1	0	0	0	0	0
KKK-S61R3_9	0	1	1	1	0	0	0	0
LAL-S44R1_127	0	2	1	0	0	0	0	0
LAL-S44R2_135	0	1	1	0	0	0	0	0
LAL-S44R2_219	0	0	1	0	0	0	0	0
LAL-S44R2_291	0	0	1	0	0	0	0	0
LAL-S44R3_23	0	1	1	0	0	0	0	0
LAL-S44R4_68	0	1	2	1	0	0	0	0
LAL-S44R5_151	0	2	1	1	0	0	0	0
LAL-S44R5_16	0	0	1	0	0	0	0	0
LAL-S45R1_14	0	0	1	0	0	0	0	0
LAL-S45R4_33	0	0	2	0	0	0	0	0
NKL-S46R1_202	0	0	1	0	0	0	0	0
NKL-S46R1_76	0	0	2	0	0	0	0	0
NKL-S46R2_29	0	1	1	0	0	0	0	0
NKL-S47R2_82	0	0	1	1	0	0	0	0
PGN-S62R1_141	0	0	1	0	0	0	0	0
PGN-S62R1_22	0	0	2	0	0	0	0	0
PGN-S62R1_82	0	0	1	0	0	0	0	0
PLA-S39R1_63	0	0	1	0	0	0	0	0
PLA-S39R1_77	0	2	1	0	0	0	0	0
PLA-S39R2_86	0	1	1	0	0	0	0	0
PLA-S39R3_20	0	0	1	0	0	0	0	0
PLA-S39R5_168	0	2	2	0	0	0	0	0
PLA-S39R5_183	0	0	2	1	0	0	0	0
PLA-S39R5_22	0	1	1	0	0	0	0	0
PLA-S39R5_34	0	0	1	0	0	0	0	0
PLA-S39R5_68	0	0	1	1	0	0	0	0
PLA-S40R1_2	0	1	3	0	0	0	0	0
PLA-S40R1_23	0	0	1	0	0	0	0	0
PLA-S40R1_56	0	0	2	0	0	0	1	0
PLA-S40R1_61	0	1	1	2	0	0	0	0
PLA-S40R3_75	0	0	3	3	0	1	1	0
PLA-S40R4_43	0	1	1	0	0	0	0	0
PLA-S40R4_51	0	1	2	1	0	0	0	0
PLA-S40R4_82	0	1	2	0	0	0	0	0
PLA-S40R4_92	0	0	1	1	0	0	0	0
TUW-S63R4_11	0	0	1	0	0	0	0	0
TUW-S63R4_34	0	1	4	0	0	0	0	0
TUW-S63R5_7	0	1	1	0	0	0	0	0
TUW-S64R1_107	0	1	1	0	0	0	0	0
TUW-S64R1_35	0	1	1	3	0	0	0	0
TUW-S64R1_45	0	0	2	0	0	0	0	0
TUW-S64R1_69	0	0	1	0	0	0	0	0
TUW-S64R3_120	0	0	1	0	0	0	0	0
TUW-S64R3_121	0	2	1	0	0	0	0	0
TUW-S64R3_19	0	0	3	1	0	0	0	0
TUW-S64R4_106	0	0	3	0	0	0	0	0
TUW-S64R4_16	0	0	1	0	0	0	0	0
TUW-S64R4_205	0	1	1	1	0	0	0	0
TUW-S64R5_115	0	3	1	0	0	0	0	0
TUW-S64R5_68	0	0	2	0	0	0	0	0
TUW-S65R2_25	0	0	1	0	0	0	0	0
TUW-S65R4_180	0	1	1	0	0	0	0	0
TUW-S65R4_210	0	0	2	0	0	0	0	0
TUW-S65R4_91	0	1	1	1	0	0	0	0
VJW-S48R1_137	0	1	2	0	0	0	0	0
VJW-S48R1_24	0	1	1	0	0	0	0	0
VJW-S48R1_31	0	2	1	0	0	0	0	0
VJW-S48R3_172	0	0	1	1	0	0	0	0
VJW-S48R3_173	0	0	1	0	0	0	0	0
VJW-S48R3_66	0	1	1	0	0	0	0	0
VJW-S48R5_124	0	0	1	0	0	0	0	0
VJW-S49R3_42	0	0	1	0	0	0	0	0
VJW-S49R5_6	0	3	2	0	0	0	0	0
VJW-S50R1_12	0	0	2	0	0	0	0	0
VJW-S50R1_169	0	0	1	0	0	0	0	0
VJW-S50R2_100	0	1	2	0	0	1	0	0
AAB-S01R1_14	0	0	0	0	0	1	0	0
AAB-S01R5_75	0	1	0	0	0	1	0	0
AAB-S02R4_159	0	0	0	0	0	1	0	0
AAB-S04R4_65	0	0	0	0	0	1	0	0
AAB-S05R1_165	0	0	0	0	0	1	0	0
AAB-S06R2_104	0	3	0	0	0	1	0	0
AAB-S06R2_22	0	1	0	4	0	1	0	0
AAB-S06R4_218	0	0	0	0	0	1	0	0
AAB-S08R1_323	0	1	0	0	0	1	0	0
AAB-S08R1_393	0	1	0	0	0	1	0	0
AAB-S08R4_17	0	0	0	0	0	1	0	0
AAB-S09R4_33	0	0	0	1	0	1	0	0
AAB-S10R1_285	0	0	0	0	0	1	0	0
AAB-S10R3_2	0	1	0	0	0	1	0	0
AAB-S13R1_150	0	3	0	0	0	1	0	0
AAB-S13R1_99	0	1	0	0	0	1	0	0
AAB-S17R1_5	0	1	0	0	0	1	0	0
AAB-S17R1_68	0	0	0	0	0	1	0	0
AAB-S17R1_71	0	0	0	0	0	1	1	0
AAB-S19R2_140	0	1	0	1	0	1	0	0
AAB-S24R4_172	0	1	0	1	0	1	0	0
AAB-S25R3_55	0	1	0	0	0	2	0	0
AAB-S26R3_294	0	0	0	0	0	1	0	0
AAB-S28R2_118	0	0	0	0	0	1	0	0
AAB-S28R4_160	0	2	0	1	0	1	0	0
AAB-S29R3_75	0	0	0	1	0	1	0	0
AAB-S29R5_177	0	3	0	1	0	1	0	0
AAB-S33R2_120	0	2	0	0	0	1	0	0
ANP-S43R5_215	0	1	0	0	0	1	0	0
DAS-S52R1_86	0	1	0	0	0	1	0	0
DAS-S52R5_106	0	1	0	0	0	1	0	0
DAS-S52R5_118	0	4	0	0	0	1	0	0
DAS-S52R5_123	0	4	0	0	0	1	0	0
JFJ-S35R3_145	0	0	0	0	0	1	0	0
JFJ-S36R1_239	0	0	0	0	0	1	0	0
JFJ-S36R1_43	0	0	0	0	0	1	0	0
JFJ-S36R3_242	0	0	0	0	0	1	1	0
JFJ-S38R4_74	0	0	0	0	0	1	0	0
KKK-S54R3_104	0	0	0	0	0	1	0	0
KKK-S55R1_31	0	1	0	0	0	1	0	0
KKK-S55R2_177	0	0	0	0	0	1	0	0
KKK-S55R2_249	0	3	0	0	0	1	1	0
LAL-S45R4_115	0	0	0	1	0	1	0	0
LAL-S45R4_79	0	0	0	0	0	1	0	0
NKL-S47R3_57	0	2	0	0	0	1	0	0
PLA-S39R1_132	0	0	0	0	0	1	0	0
PLA-S39R3_98	0	0	0	0	0	1	2	0
TUW-S63R3_83	0	0	0	1	0	3	0	0
TUW-S64R5_119	0	1	0	0	0	1	1	0
VJW-S48R4_130	0	2	0	0	0	1	0	0
VJW-S49R4_26	0	0	0	0	0	1	0	0
VJW-S50R1_166	0	0	0	0	0	1	0	0
AAB-S01R2_6	0	0	0	0	0	0	2	0
AAB-S01R3_91	0	0	0	1	0	0	1	0
AAB-S02R4_258	0	0	0	2	0	0	1	0
AAB-S02R5_106	0	0	0	0	0	0	1	0
AAB-S03R1_162	0	0	0	1	0	0	1	0
AAB-S03R2_216	0	1	0	0	0	0	1	0
AAB-S03R2_48	0	0	0	0	0	0	1	0
AAB-S04R5_114	0	1	0	5	0	0	1	0
AAB-S05R1_376	0	2	0	0	0	0	1	0
AAB-S06R3_61	0	1	0	0	0	0	1	0
AAB-S07R3_9	0	1	0	0	0	0	1	0
AAB-S10R1_74	0	2	0	0	0	0	1	0
AAB-S13R3_59	0	0	0	0	0	0	1	0
AAB-S19R2_47	0	0	0	0	0	0	1	0
AAB-S22R3_10	0	0	0	0	0	0	1	0
AAB-S22R5_12	0	0	0	0	0	0	1	0
AAB-S24R1_61	0	2	0	0	0	0	1	0
AAB-S24R5_90	0	0	0	0	0	0	1	0
AAB-S25R3_168	0	1	0	0	0	0	1	0
AAB-S25R3_21	0	0	0	0	0	0	1	0
AAB-S26R2_240	0	2	0	1	0	0	2	0
AAB-S26R2_313	0	1	0	0	0	0	1	0
AAB-S26R5_48	0	2	0	1	0	0	2	0
AAB-S27R4_102	0	1	0	0	0	0	1	0
AAB-S27R4_106	0	0	0	0	0	0	1	0
AAB-S29R5_159	0	0	0	0	0	0	1	0
ANP-S42R4_68	0	0	0	0	0	0	1	0
DAS-S52R3_194	0	0	0	0	0	0	2	0
DAS-S52R3_26	0	1	0	1	0	0	1	0
DAS-S52R4_24	0	0	0	3	0	0	1	0
DAS-S53R5_238	0	0	0	0	0	0	1	0
JFJ-S35R1_16	0	0	0	0	0	0	1	0
JFJ-S35R2_20	0	0	0	0	0	0	1	0
JFJ-S35R3_11	0	1	0	0	0	0	1	0
JFJ-S36R3_219	0	0	0	0	0	0	2	0
JFJ-S36R3_82	0	0	0	0	0	0	1	0
JFJ-S36R5_36	0	2	0	0	0	0	1	0
JFJ-S38R4_202	0	2	0	0	0	0	1	0
KKK-S56R1_181	0	0	0	0	0	0	1	0
KKK-S56R1_197	0	2	0	0	0	0	1	0
KKK-S58R3_133	0	0	0	0	0	0	1	0
KKK-S59R2_35	0	0	0	0	0	0	1	0
LAL-S44R1_153	0	2	0	0	0	0	1	0
LAL-S45R1_57	0	0	0	0	0	0	1	0
LAL-S45R4_69	0	1	0	0	0	0	1	0
PGN-S62R1_100	0	0	0	0	0	0	1	0
PLA-S39R3_44	0	3	0	0	0	0	1	0
TUW-S64R3_112	0	0	0	0	0	0	1	0
TUW-S64R5_103	0	0	0	0	0	0	2	0
TUW-S64R5_140	0	0	0	0	0	0	1	0
TUW-S65R3_121	0	1	0	0	0	0	2	0
AAB-S01R1_183	0	1	0	1	0	0	0	0
AAB-S01R1_53	0	1	0	1	0	0	0	0
AAB-S01R2_29	0	2	0	1	0	0	0	0
AAB-S01R3_70	0	4	0	1	0	0	0	0
AAB-S01R4_3	0	0	0	1	0	0	0	0
AAB-S01R5_142	0	0	0	1	0	0	0	0
AAB-S01R5_232	0	0	0	2	0	0	0	0
AAB-S02R1_1	0	1	0	6	0	0	0	0
AAB-S02R3_123	0	0	0	1	0	0	0	0
AAB-S02R4_162	0	2	0	1	0	0	0	0
AAB-S02R4_52	0	1	0	2	0	0	0	0
AAB-S02R5_35	0	2	0	1	0	0	0	0
AAB-S03R1_41	0	0	0	1	0	0	0	0
AAB-S03R3_19	0	0	0	1	0	0	0	0
AAB-S03R3_238	0	1	0	1	0	0	0	0
AAB-S03R3_62	0	1	0	1	0	0	0	0
AAB-S03R4_155	0	0	0	1	0	0	0	0
AAB-S03R5_61	0	0	0	1	0	0	0	0
AAB-S04R1_166	0	0	0	2	0	0	0	0
AAB-S04R3_146	0	0	0	1	0	0	0	0
AAB-S04R3_184	0	0	0	1	0	0	0	0
AAB-S04R3_221	0	0	0	1	0	0	0	0
AAB-S04R3_36	0	0	0	1	0	0	0	0
AAB-S04R4_86	0	1	0	1	0	0	0	0
AAB-S05R1_249	0	0	0	1	0	0	0	0
AAB-S05R1_309	0	1	0	1	0	0	0	0
AAB-S05R3_22	0	0	0	1	0	0	0	0
AAB-S05R3_5	0	1	0	1	0	0	0	0
AAB-S06R2_143	0	1	0	1	0	0	0	0
AAB-S06R4_331	0	1	0	1	0	0	0	0
AAB-S07R3_27	0	0	0	1	0	0	0	0
AAB-S07R4_149	0	1	0	1	0	0	0	0
AAB-S07R5_70	0	0	0	1	0	0	0	0
AAB-S07R5_78	0	0	0	1	0	0	0	0
AAB-S08R1_11	0	1	0	3	0	0	0	0
AAB-S08R3_8	0	0	0	1	0	0	0	0
AAB-S08R4_21	0	0	0	1	0	0	0	0
AAB-S08R4_237	0	0	0	1	0	0	0	0
AAB-S08R5_149	0	1	0	1	0	0	0	0
AAB-S08R5_209	0	0	0	1	0	0	0	0
AAB-S08R5_303	0	0	0	2	0	0	0	0
AAB-S08R5_99	0	0	0	2	0	0	0	0
AAB-S09R2_39	0	1	0	1	0	0	0	0
AAB-S10R1_219	0	1	0	1	0	0	0	0
AAB-S10R1_99	0	0	0	1	0	0	0	0
AAB-S10R3_148	0	1	0	2	0	0	0	0
AAB-S10R3_211	0	2	0	1	0	0	0	0
AAB-S10R3_246	0	2	0	5	0	0	0	0
AAB-S10R4_23	0	0	0	1	0	0	0	0
AAB-S11R1_87	0	0	0	1	0	0	0	0
AAB-S13R1_188	0	0	0	1	0	0	0	0
AAB-S13R2_73	0	1	0	1	0	0	0	0
AAB-S13R3_108	0	1	0	1	0	0	0	0
AAB-S13R3_112	0	2	0	1	0	0	0	0
AAB-S14R1_157	0	2	0	1	0	0	0	0
AAB-S14R2_91	0	0	0	1	0	0	0	0
AAB-S14R3_136	0	0	0	1	0	0	0	0
AAB-S15R3_148	0	0	0	2	0	0	0	0
AAB-S15R3_51	0	3	0	1	0	0	0	0
AAB-S19R1_58	0	0	0	1	0	0	0	0
AAB-S19R1_87	0	0	0	1	0	0	0	0
AAB-S19R2_113	0	0	0	1	0	0	0	0
AAB-S19R2_158	0	0	0	1	0	0	0	0
AAB-S19R2_184	0	1	0	1	0	0	0	0
AAB-S19R4_187	0	0	0	1	0	0	0	0
AAB-S21R1_112	0	1	0	2	0	0	0	0
AAB-S21R3_80	0	1	0	1	0	0	0	0
AAB-S21R4_34	0	0	0	1	0	0	0	0
AAB-S21R5_50	0	0	0	1	0	0	0	0
AAB-S22R5_186	0	2	0	1	0	0	0	0
AAB-S23R2_81	0	0	0	1	0	0	0	0
AAB-S23R4_222	0	0	0	1	0	0	0	0
AAB-S23R4_51	0	1	0	1	0	0	0	0
AAB-S24R1_19	0	2	0	1	0	0	0	0
AAB-S24R1_50	0	0	0	1	0	0	0	0
AAB-S24R1_81	0	0	0	1	0	0	0	0
AAB-S24R2_103	0	0	0	1	0	0	0	0
AAB-S24R2_135	0	2	0	1	0	0	0	0
AAB-S24R2_152	0	0	0	1	0	0	0	0
AAB-S24R2_204	0	1	0	2	0	0	0	0
AAB-S24R2_28	0	1	0	1	0	0	0	0
AAB-S24R3_37	0	0	0	1	0	0	0	0
AAB-S24R4_14	0	0	0	1	0	0	0	0
AAB-S24R4_147	0	1	0	1	0	0	0	0
AAB-S24R5_68	0	1	0	1	0	0	0	0
AAB-S25R1_28	0	2	0	1	0	0	0	0
AAB-S25R3_141	0	0	0	1	0	0	0	0
AAB-S25R4_10	0	2	0	1	0	0	0	0
AAB-S26R1_2	0	3	0	2	0	0	0	0
AAB-S26R1_39	0	0	0	1	0	0	0	0
AAB-S26R1_64	0	1	0	1	0	0	0	0
AAB-S26R2_29	0	0	0	1	0	0	0	0
AAB-S26R3_247	0	1	0	1	0	0	0	0
AAB-S26R3_260	0	0	0	1	0	0	0	0
AAB-S26R4_216	0	1	0	1	0	0	0	0
AAB-S26R4_273	0	2	0	1	0	0	0	0
AAB-S26R5_117	0	1	0	1	0	0	0	0
AAB-S26R5_153	0	1	0	3	0	0	0	0
AAB-S26R5_248	0	1	0	1	0	0	0	0
AAB-S27R2_82	0	0	0	1	0	0	0	0
AAB-S27R4_167	0	0	0	1	0	0	0	0
AAB-S27R4_22	0	0	0	1	0	0	0	0
AAB-S27R5_146	0	0	0	1	0	0	0	0
AAB-S27R5_212	0	0	0	1	0	0	0	0
AAB-S28R1_300	0	0	0	1	0	0	0	0
AAB-S28R2_164	0	0	0	1	0	0	0	0
AAB-S28R2_170	0	1	0	1	0	0	0	0
AAB-S28R3_120	0	1	0	1	0	0	0	0
AAB-S28R5_166	0	0	0	1	0	0	0	0
AAB-S28R5_64	0	2	0	1	0	0	0	0
AAB-S29R1_31	0	3	0	2	0	0	0	0
AAB-S29R2_215	0	1	0	1	0	0	0	0
AAB-S29R3_146	0	0	0	1	0	0	0	0
AAB-S29R3_261	0	0	0	1	0	0	0	0
AAB-S29R4_165	0	0	0	1	0	0	0	0
AAB-S29R4_19	0	2	0	3	0	0	0	0
AAB-S29R4_61	0	1	0	1	0	0	0	0
AAB-S31R3_142	0	0	0	1	0	0	0	0
ANP-S42R1_41	0	0	0	1	0	0	0	0
ANP-S42R3_9	0	0	0	1	0	0	0	0
ANP-S42R4_123	0	1	0	1	0	0	0	0
ANP-S42R4_15	0	2	0	1	0	0	0	0
ANP-S42R4_168	0	0	0	1	0	0	0	0
ANP-S42R5_30	0	1	0	1	0	0	0	0
ANP-S43R5_164	0	0	0	1	0	0	0	0
DAS-S51R3_45	0	0	0	1	0	0	0	0
DAS-S52R3_123	0	0	0	1	0	0	0	0
DAS-S52R3_276	0	1	0	1	0	0	0	0
DAS-S52R3_36	0	0	0	1	0	0	0	0
DAS-S52R5_13	0	2	0	1	0	0	0	0
DAS-S52R5_131	0	0	0	1	0	0	0	0
DAS-S52R5_43	0	0	0	1	0	0	0	0
DAS-S53R2_128	0	1	0	1	0	0	0	0
DAS-S53R2_161	0	2	0	2	0	0	0	0
DAS-S53R2_29	0	0	0	1	0	0	0	0
DAS-S53R3_37	0	0	0	1	0	0	0	0
DAS-S53R5_153	0	1	0	1	0	0	0	0
DAS-S53R5_75	0	0	0	1	0	0	0	0
JFJ-S34R1_14	0	2	0	1	0	0	0	0
JFJ-S34R3_153	0	0	0	1	0	0	0	0
JFJ-S34R3_316	0	1	0	1	0	0	0	0
JFJ-S34R3_99	0	0	0	2	0	0	0	0
JFJ-S34R4_146	0	1	0	1	0	0	0	0
JFJ-S35R1_136	0	0	0	1	0	0	0	0
JFJ-S35R1_157	0	0	0	1	0	0	0	0
JFJ-S35R1_23	0	0	0	1	0	0	0	0
JFJ-S35R3_64	0	0	0	1	0	0	0	0
JFJ-S35R4_91	0	1	0	1	0	0	0	0
JFJ-S36R1_175	0	0	0	1	0	0	0	0
JFJ-S36R1_214	0	1	0	1	0	0	0	0
JFJ-S36R2_123	0	3	0	1	0	0	0	0
JFJ-S36R2_78	0	1	0	1	0	0	0	0
JFJ-S36R2_84	0	0	0	2	0	0	0	0
JFJ-S36R3_113	0	0	0	1	0	0	0	0
JFJ-S36R3_154	0	1	0	1	0	0	0	0
JFJ-S36R5_131	0	0	0	1	0	0	0	0
JFJ-S37R1_170	0	0	0	1	0	0	0	0
JFJ-S37R4_76	0	0	0	1	0	0	0	0
JFJ-S37R5_117	0	0	0	1	0	0	0	0
JFJ-S37R5_76	0	0	0	1	0	0	0	0
JFJ-S38R3_119	0	1	0	1	0	0	0	0
JFJ-S38R3_158	0	0	0	1	0	0	0	0
JFJ-S38R3_64	0	0	0	1	0	0	0	0
JFJ-S38R4_130	0	1	0	2	0	0	0	0
JFJ-S38R5_132	0	1	0	1	0	0	0	0
JFJ-S38R5_40	0	1	0	1	0	0	0	0
KKK-S54R1_14	0	2	0	2	0	0	0	0
KKK-S55R1_144	0	0	0	1	0	0	0	0
KKK-S55R2_298	0	0	0	1	0	0	0	0
KKK-S55R3_174	0	0	0	1	0	0	0	0
KKK-S56R1_198	0	1	0	1	0	0	0	0
KKK-S56R2_128	0	0	0	1	0	0	0	0
KKK-S56R2_156	0	0	0	1	0	0	0	0
KKK-S57R3_55	0	1	0	1	0	0	0	0
KKK-S58R2_121	0	0	0	1	0	0	0	0
KKK-S58R2_23	0	0	0	2	0	0	0	0
KKK-S61R2_62	0	0	0	1	0	0	0	0
LAL-S44R1_86	0	0	0	1	0	0	0	0
LAL-S44R2_194	0	0	0	1	0	0	0	0
LAL-S44R2_5	0	0	0	1	0	0	0	0
LAL-S44R4_212	0	0	0	1	0	0	0	0
LAL-S44R4_87	0	0	0	1	0	0	0	1
LAL-S44R5_58	0	0	0	1	0	0	0	0
LAL-S45R3_176	0	1	0	2	0	0	0	0
NKL-S46R2_68	0	0	0	1	0	0	0	0
NKL-S46R3_114	0	0	0	1	0	0	0	0
NKL-S47R3_143	0	3	0	1	0	0	0	0
NKL-S47R3_86	0	0	0	1	0	0	0	0
PLA-S39R1_9	0	0	0	1	0	0	0	0
PLA-S39R2_44	0	0	0	2	0	0	0	0
PLA-S39R3_43	0	0	0	1	0	0	0	0
PLA-S39R3_89	0	1	0	1	0	0	0	0
PLA-S39R5_51	0	2	0	1	0	0	0	0
PLA-S40R3_105	0	0	0	1	0	0	0	0
PLA-S40R3_6	0	0	0	1	0	0	0	0
PLA-S40R3_65	0	0	0	1	0	0	0	0
TUW-S65R3_158	0	0	0	1	0	0	0	0
VJW-S48R1_10	0	1	0	2	0	0	0	0
VJW-S48R2_6	0	1	0	1	0	0	0	0
VJW-S48R4_63	0	1	0	1	0	0	0	0
VJW-S48R4_66	0	1	0	1	0	0	0	0
VJW-S50R1_129	0	1	0	1	0	0	0	0
VJW-S50R1_60	0	1	0	1	0	0	0	0
AAB-S01R4_136	0	0	0	0	0	0	0	1
AAB-S10R1_172	0	0	0	0	0	0	0	1
AAB-S10R1_9	0	0	0	0	0	0	0	1
AAB-S01R1_127	0	1	0	0	0	0	0	0
AAB-S01R1_171	0	1	0	0	0	0	0	0
AAB-S01R1_181	0	1	0	0	0	0	0	0
AAB-S01R1_217	0	1	0	0	0	0	0	0
AAB-S01R1_30	0	1	0	0	0	0	0	0
AAB-S01R3_117	0	1	0	0	0	0	0	0
AAB-S01R3_226	0	1	0	0	0	0	0	0
AAB-S01R3_94	0	1	0	0	0	0	0	0
AAB-S01R4_148	0	1	0	0	0	0	0	0
AAB-S01R5_69	0	2	0	0	0	0	0	0
AAB-S01R5_84	0	1	0	0	0	0	0	0
AAB-S02R2_153	0	1	0	0	0	0	0	0
AAB-S02R2_53	0	1	0	0	0	0	0	0
AAB-S02R2_76	0	1	0	0	0	0	0	0
AAB-S02R2_93	0	1	0	0	0	0	0	0
AAB-S02R3_161	0	1	0	0	0	0	0	0
AAB-S02R3_178	0	1	0	0	0	0	0	0
AAB-S02R3_245	0	1	0	0	0	0	0	0
AAB-S02R3_53	0	1	0	0	0	0	0	0
AAB-S02R4_102	0	1	0	0	0	0	0	0
AAB-S02R4_190	0	1	0	0	0	0	0	0
AAB-S02R4_250	0	1	0	0	0	0	0	0
AAB-S02R4_28	0	1	0	0	0	0	0	0
AAB-S02R4_37	0	1	0	0	0	0	0	0
AAB-S02R4_47	0	1	0	0	0	0	0	0
AAB-S02R4_64	0	1	0	0	0	0	0	0
AAB-S02R5_108	0	1	0	0	0	0	0	0
AAB-S02R5_114	0	1	0	0	0	0	0	0
AAB-S02R5_223	0	1	0	0	0	0	0	0
AAB-S02R5_23	0	1	0	0	0	0	0	0
AAB-S02R5_24	0	1	0	0	0	0	0	0
AAB-S03R1_63	0	1	0	0	0	0	0	0
AAB-S03R2_149	0	1	0	0	0	0	0	0
AAB-S03R3_41	0	2	0	0	0	0	0	0
AAB-S03R5_51	0	1	0	0	0	0	0	0
AAB-S04R1_164	0	1	0	0	0	0	0	0
AAB-S04R1_19	0	1	0	0	0	0	0	0
AAB-S04R1_196	0	1	0	0	0	0	0	0
AAB-S04R1_20	0	1	0	0	0	0	0	0
AAB-S04R1_217	0	1	0	0	0	0	0	0
AAB-S04R1_37	0	1	0	0	0	0	0	0
AAB-S04R1_41	0	1	0	0	0	0	0	0
AAB-S04R3_150	0	1	0	0	0	0	0	0
AAB-S04R3_206	0	1	0	0	0	0	0	0
AAB-S04R3_253	0	1	0	0	0	0	0	0
AAB-S04R3_267	0	1	0	0	0	0	0	0
AAB-S04R4_135	0	1	0	0	0	0	0	0
AAB-S04R4_206	0	1	0	0	0	0	0	0
AAB-S04R4_208	0	1	0	0	0	0	0	0
AAB-S04R4_253	0	1	0	0	0	0	0	0
AAB-S04R4_281	0	2	0	0	0	0	0	0
AAB-S04R5_91	0	1	0	0	0	0	0	0
AAB-S05R1_355	0	2	0	0	0	0	0	0
AAB-S05R1_78	0	1	0	0	0	0	0	0
AAB-S05R1_80	0	1	0	0	0	0	0	0
AAB-S06R2_135	0	1	0	0	0	0	0	0
AAB-S06R2_19	0	1	0	0	0	0	0	0
AAB-S06R2_38	0	1	0	0	0	0	0	0
AAB-S06R4_105	0	2	0	0	0	0	0	0
AAB-S06R4_32	0	1	0	0	0	0	0	0
AAB-S06R4_71	0	1	0	0	0	0	0	0
AAB-S06R4_89	0	2	0	0	0	0	0	0
AAB-S08R1_292	0	1	0	0	0	0	0	0
AAB-S08R1_338	0	1	0	0	0	0	0	0
AAB-S08R1_60	0	1	0	0	0	0	0	0
AAB-S08R4_197	0	2	0	0	0	0	0	0
AAB-S08R4_225	0	1	0	0	0	0	0	0
AAB-S08R4_268	0	1	0	0	0	0	0	0
AAB-S08R4_63	0	1	0	0	0	0	0	0
AAB-S08R5_263	0	1	0	0	0	0	0	0
AAB-S08R5_331	0	1	0	0	0	0	0	0
AAB-S10R1_121	0	1	0	0	0	0	0	0
AAB-S10R1_218	0	1	0	0	0	0	0	0
AAB-S10R1_238	0	1	0	0	0	0	0	0
AAB-S10R3_164	0	1	0	0	0	0	0	0
AAB-S10R3_77	0	2	0	0	0	0	0	0
AAB-S10R3_95	0	3	0	0	0	0	0	0
AAB-S10R4_38	0	2	0	0	0	0	0	0
AAB-S10R4_90	0	1	0	0	0	0	0	0
AAB-S11R1_129	0	1	0	0	0	0	0	0
AAB-S11R1_33	0	1	0	0	0	0	0	0
AAB-S11R2_15	0	3	0	0	0	0	0	0
AAB-S11R2_19	0	1	0	0	0	0	0	0
AAB-S11R2_81	0	1	0	0	0	0	0	0
AAB-S11R3_8	0	1	0	0	0	0	0	0
AAB-S12R2_132	0	1	0	0	0	0	0	0
AAB-S13R1_30	0	1	0	0	0	0	0	0
AAB-S13R2_178	0	1	0	0	0	0	0	0
AAB-S13R2_20	0	1	0	0	0	0	0	0
AAB-S13R2_227	0	2	0	0	0	0	0	0
AAB-S13R2_45	0	1	0	0	0	0	0	0
AAB-S13R3_150	0	1	0	0	0	0	0	0
AAB-S14R2_141	0	1	0	0	0	0	0	0
AAB-S14R2_99	0	1	0	0	0	0	0	0
AAB-S15R2_64	0	1	0	0	0	0	0	0
AAB-S17R1_63	0	1	0	0	0	0	0	0
AAB-S17R4_102	0	1	0	0	0	0	0	0
AAB-S17R4_53	0	1	0	0	0	0	0	0
AAB-S17R4_69	0	1	0	0	0	0	0	0
AAB-S17R4_7	0	1	0	0	0	0	0	0
AAB-S17R5_73	0	1	0	0	0	0	0	0
AAB-S18R2_90	0	1	0	0	0	0	0	0
AAB-S19R1_164	0	1	0	0	0	0	0	0
AAB-S19R1_37	0	1	0	0	0	0	0	0
AAB-S19R2_10	0	1	0	0	0	0	0	0
AAB-S19R2_145	0	1	0	0	0	0	0	0
AAB-S19R2_33	0	1	0	0	0	0	0	0
AAB-S19R2_34	0	1	0	0	0	0	0	0
AAB-S19R2_62	0	1	0	0	0	0	0	0
AAB-S20R4_128	0	1	0	0	0	0	0	0
AAB-S20R5_2	0	1	0	0	0	0	0	0
AAB-S20R5_46	0	1	0	0	0	0	0	0
AAB-S21R1_158	0	2	0	0	0	0	0	0
AAB-S22R5_17	0	1	0	0	0	0	0	0
AAB-S22R5_25	0	1	0	0	0	0	0	0
AAB-S23R2_128	0	1	0	0	0	0	0	0
AAB-S23R4_113	0	1	0	0	0	0	0	0
AAB-S23R4_2	0	1	0	0	0	0	0	0
AAB-S23R4_200	0	1	0	0	0	0	0	0
AAB-S23R4_251	0	1	0	0	0	0	0	0
AAB-S23R4_259	0	1	0	0	0	0	0	0
AAB-S23R4_55	0	1	0	0	0	0	0	0
AAB-S23R4_56	0	1	0	0	0	0	0	0
AAB-S24R1_11	0	1	0	0	0	0	0	0
AAB-S24R1_7	0	3	0	0	0	0	0	0
AAB-S24R1_89	0	1	0	0	0	0	0	0
AAB-S24R2_127	0	1	0	0	0	0	0	0
AAB-S24R2_173	0	1	0	0	0	0	0	0
AAB-S24R2_232	0	1	0	0	0	0	0	0
AAB-S24R2_254	0	1	0	0	0	0	0	0
AAB-S24R2_33	0	1	0	0	0	0	0	0
AAB-S24R2_64	0	1	0	0	0	0	0	0
AAB-S24R3_10	0	1	0	0	0	0	0	0
AAB-S24R4_149	0	1	0	0	0	0	0	0
AAB-S24R5_140	0	1	0	0	0	0	0	0
AAB-S25R1_155	0	2	0	0	0	0	0	0
AAB-S25R1_25	0	1	0	0	0	0	0	0
AAB-S25R1_69	0	1	0	0	0	0	0	0
AAB-S25R2_11	0	1	0	0	0	0	0	0
AAB-S25R2_130	0	1	0	0	0	0	0	0
AAB-S25R2_4	0	1	0	0	0	0	0	0
AAB-S25R3_96	0	1	0	0	0	0	0	0
AAB-S25R4_146	0	2	0	0	0	0	0	0
AAB-S25R4_24	0	1	0	0	0	0	0	0
AAB-S26R1_27	0	1	0	0	0	0	0	0
AAB-S26R1_54	0	1	0	0	0	0	0	0
AAB-S26R1_57	0	1	0	0	0	0	0	0
AAB-S26R3_101	0	2	0	0	0	0	0	0
AAB-S26R3_217	0	1	0	0	0	0	0	0
AAB-S26R3_286	0	1	0	0	0	0	0	0
AAB-S26R3_289	0	2	0	0	0	0	0	0
AAB-S26R3_299	0	1	0	0	0	0	0	0
AAB-S26R3_65	0	1	0	0	0	0	0	0
AAB-S26R3_72	0	1	0	0	0	0	0	0
AAB-S26R4_190	0	1	0	0	0	0	0	0
AAB-S26R4_284	0	1	0	0	0	0	0	0
AAB-S26R4_312	0	1	0	0	0	0	0	0
AAB-S27R1_161	0	2	0	0	0	0	0	0
AAB-S27R1_53	0	2	0	0	0	0	0	0
AAB-S27R2_287	0	1	0	0	0	0	0	0
AAB-S27R4_193	0	1	0	0	0	0	0	0
AAB-S27R4_212	0	1	0	0	0	0	0	0
AAB-S27R4_223	0	1	0	0	0	0	0	0
AAB-S27R4_239	0	1	0	0	0	0	0	0
AAB-S27R5_90	0	1	0	0	0	0	0	0
AAB-S28R1_169	0	1	0	0	0	0	0	0
AAB-S28R1_235	0	1	0	0	0	0	0	0
AAB-S28R2_231	0	1	0	0	0	0	0	0
AAB-S28R2_302	0	1	0	0	0	0	0	0
AAB-S28R2_349	0	2	0	0	0	0	0	0
AAB-S28R2_380	0	1	0	0	0	0	0	0
AAB-S28R2_425	0	1	0	0	0	0	0	0
AAB-S28R4_130	0	1	0	0	0	0	0	0
AAB-S28R4_173	0	1	0	0	0	0	0	0
AAB-S28R4_187	0	1	0	0	0	0	0	0
AAB-S28R4_88	0	1	0	0	0	0	0	0
AAB-S28R5_28	0	2	0	0	0	0	0	0
AAB-S28R5_44	0	1	0	0	0	0	0	0
AAB-S29R1_104	0	1	0	0	0	0	0	0
AAB-S29R1_205	0	1	0	0	0	0	0	0
AAB-S29R1_222	0	1	0	0	0	0	0	0
AAB-S29R1_228	0	1	0	0	0	0	0	0
AAB-S29R1_40	0	1	0	0	0	0	0	0
AAB-S29R1_64	0	1	0	0	0	0	0	0
AAB-S29R1_91	0	2	0	0	0	0	0	0
AAB-S29R2_247	0	1	0	0	0	0	0	0
AAB-S29R3_123	0	2	0	0	0	0	0	0
AAB-S29R3_199	0	2	0	0	0	0	0	0
AAB-S29R4_102	0	1	0	0	0	0	0	0
AAB-S29R5_138	0	1	0	0	0	0	0	0
AAB-S32R3_25	0	1	0	0	0	0	0	0
AAB-S33R1_6	0	1	0	0	0	0	0	0
AAB-S33R3_71	0	1	0	0	0	0	0	0
ANP-S42R4_144	0	1	0	0	0	0	0	0
ANP-S42R4_22	0	1	0	0	0	0	0	0
ANP-S43R5_23	0	2	0	0	0	0	0	0
ANP-S43R5_40	0	1	0	0	0	0	0	0
DAS-S51R2_40	0	1	0	0	0	0	0	0
DAS-S51R2_73	0	2	0	0	0	0	0	0
DAS-S51R4_27	0	1	0	0	0	0	0	0
DAS-S51R4_6	0	1	0	0	0	0	0	0
DAS-S51R4_66	0	1	0	0	0	0	0	0
DAS-S51R5_35	0	1	0	0	0	0	0	0
DAS-S51R5_73	0	2	0	0	0	0	0	0
DAS-S52R1_125	0	1	0	0	0	0	0	0
DAS-S52R1_4	0	2	0	0	0	0	0	0
DAS-S52R1_95	0	2	0	0	0	0	0	0
DAS-S52R1_96	0	1	0	0	0	0	0	0
DAS-S52R2_2	0	1	0	0	0	0	0	0
DAS-S52R2_49	0	1	0	0	0	0	0	0
DAS-S52R3_172	0	1	0	0	0	0	0	0
DAS-S52R3_54	0	5	0	0	0	0	0	0
DAS-S52R4_44	0	1	0	0	0	0	0	0
DAS-S52R5_26	0	1	0	0	0	0	0	0
DAS-S52R5_63	0	1	0	0	0	0	0	0
DAS-S53R1_72	0	1	0	0	0	0	0	0
DAS-S53R4_25	0	1	0	0	0	0	0	0
DAS-S53R5_216	0	1	0	0	0	0	0	0
DAS-S53R5_254	0	1	0	0	0	0	0	0
JFJ-S34R3_200	0	1	0	0	0	0	0	0
JFJ-S34R3_252	0	1	0	0	0	0	0	0
JFJ-S34R3_293	0	1	0	0	0	0	0	0
JFJ-S34R4_131	0	1	0	0	0	0	0	0
JFJ-S34R4_91	0	1	0	0	0	0	0	0
JFJ-S35R1_132	0	1	0	0	0	0	0	0
JFJ-S35R1_201	0	1	0	0	0	0	0	0
JFJ-S35R1_72	0	1	0	0	0	0	0	0
JFJ-S35R2_129	0	1	0	0	0	0	0	0
JFJ-S35R2_66	0	1	0	0	0	0	0	0
JFJ-S35R3_161	0	1	0	0	0	0	0	0
JFJ-S35R4_181	0	1	0	0	0	0	0	0
JFJ-S35R5_53	0	1	0	0	0	0	0	0
JFJ-S35R5_66	0	1	0	0	0	0	0	0
JFJ-S36R1_174	0	1	0	0	0	0	0	0
JFJ-S36R1_185	0	1	0	0	0	0	0	0
JFJ-S36R1_46	0	1	0	0	0	0	0	0
JFJ-S36R2_148	0	2	0	0	0	0	0	0
JFJ-S36R3_116	0	1	0	0	0	0	0	0
JFJ-S36R3_44	0	1	0	0	0	0	0	0
JFJ-S36R4_9	0	1	0	0	0	0	0	0
JFJ-S36R4_94	0	1	0	0	0	0	0	0
JFJ-S36R5_78	0	1	0	0	0	0	0	0
JFJ-S37R2_1	0	1	0	0	0	0	0	0
JFJ-S37R4_114	0	2	0	0	0	0	0	0
JFJ-S37R4_127	0	1	0	0	0	0	0	0
JFJ-S37R5_125	0	1	0	0	0	0	0	0
JFJ-S38R2_118	0	1	0	0	0	0	0	0
JFJ-S38R2_90	0	1	0	0	0	0	0	0
JFJ-S38R4_18	0	1	0	0	0	0	0	0
JFJ-S38R4_54	0	1	0	0	0	0	0	0
JFJ-S38R5_128	0	2	0	0	0	0	0	0
JFJ-S38R5_190	0	1	0	0	0	0	0	0
KKK-S54R1_130	0	1	0	0	0	0	0	0
KKK-S54R1_149	0	1	0	0	0	0	0	0
KKK-S55R1_121	0	1	0	0	0	0	0	0
KKK-S55R1_91	0	2	0	0	0	0	0	0
KKK-S55R2_279	0	1	0	0	0	0	0	0
KKK-S57R1_113	0	1	0	0	0	0	0	0
KKK-S58R2_163	0	1	0	0	0	0	0	0
KKK-S58R2_36	0	1	0	0	0	0	0	0
KKK-S58R3_114	0	1	0	0	0	0	0	0
KKK-S61R3_79	0	1	0	0	0	0	0	0
LAL-S44R2_171	0	1	0	0	0	0	0	0
LAL-S44R5_65	0	1	0	0	0	0	0	0
LAL-S45R4_169	0	2	0	0	0	0	0	0
LAL-S45R4_47	0	1	0	0	0	0	0	0
NKL-S46R1_20	0	1	0	0	0	0	0	0
NKL-S46R2_104	0	1	0	0	0	0	0	0
NKL-S46R2_120	0	1	0	0	0	0	0	0
NKL-S46R2_22	0	1	0	0	0	0	0	0
NKL-S46R3_200	0	1	0	0	0	0	0	0
NKL-S46R3_96	0	1	0	0	0	0	0	0
PGN-S62R1_90	0	1	0	0	0	0	0	0
PLA-S39R1_125	0	1	0	0	0	0	0	0
PLA-S39R1_26	0	1	0	0	0	0	0	0
PLA-S39R2_127	0	1	0	0	0	0	0	0
PLA-S39R2_14	0	1	0	0	0	0	0	0
PLA-S39R2_32	0	1	0	0	0	0	0	0
PLA-S39R2_77	0	1	0	0	0	0	0	0
PLA-S39R3_15	0	1	0	0	0	0	0	0
PLA-S39R3_21	0	1	0	0	0	0	0	0
PLA-S39R5_117	0	1	0	0	0	0	0	0
PLA-S39R5_135	0	1	0	0	0	0	0	0
PLA-S39R5_143	0	2	0	0	0	0	0	0
PLA-S39R5_59	0	1	0	0	0	0	0	0
PLA-S40R1_71	0	1	0	0	0	0	0	0
PLA-S40R1_74	0	1	0	0	0	0	0	0
PLA-S40R3_104	0	1	0	0	0	0	0	0
PLA-S40R3_20	0	2	0	0	0	0	0	0
PLA-S40R3_72	0	2	0	0	0	0	0	0
PLA-S40R3_85	0	1	0	0	0	0	0	0
PLA-S40R4_25	0	1	0	0	0	0	0	0
TUW-S63R3_140	0	1	0	0	0	0	0	0
TUW-S63R3_25	0	1	0	0	0	0	0	0
TUW-S63R3_35	0	1	0	0	0	0	0	0
TUW-S64R1_52	0	1	0	0	0	0	0	0
TUW-S64R1_7	0	1	0	0	0	0	0	0
TUW-S64R4_10	0	1	0	0	0	0	0	0
TUW-S64R5_105	0	2	0	0	0	0	0	0
TUW-S65R3_144	0	2	0	0	0	0	0	0
TUW-S65R4_202	0	2	0	0	0	0	0	0
VJW-S48R1_91	0	1	0	0	0	0	0	0
VJW-S48R3_9	0	1	0	0	0	0	0	0
VJW-S48R4_111	0	2	0	0	0	0	0	0
VJW-S48R4_141	0	2	0	0	0	0	0	0
VJW-S48R4_28	0	1	0	0	0	0	0	0
VJW-S48R4_47	0	1	0	0	0	0	0	0
VJW-S48R4_59	0	1	0	0	0	0	0	0
VJW-S48R5_14	0	1	0	0	0	0	0	0
VJW-S48R5_17	0	1	0	0	0	0	0	0
VJW-S50R2_164	0	1	0	0	0	0	0	0
